px,py,codigo_upz,codigo_localidad
-50,-5,87,7
-49,-8,87,7
-49,-7,87,7
-49,-6,87,7
-49,-5,87,7
-49,-4,87,7
-49,2,87,7
-48,-9,87,7
-48,-8,87,7
-48,-7,87,7
-48,-6,87,7
-48,-5,87,7
-48,-4,87,7
-48,2,87,7
-47,-10,85,7
-47,-9,87,7
-47,-8,87,7
-47,-7,87,7
-47,-6,87,7
-47,-5,87,7
-47,-4,87,7
-47,-2,87,7
-47,-1,87,7
-47,1,87,7
-47,2,87,7
-46,-11,85,7
-46,-10,85,7
-46,-9,85,7
-46,-8,87,7
-46,-7,87,7
-46,-6,87,7
-46,-5,87,7
-46,-4,87,7
-46,-3,87,7
-46,-2,87,7
-46,-1,87,7
-46,0,87,7
-45,-12,85,7
-45,-11,85,7
-45,-10,85,7
-45,-9,87,7
-45,-8,87,7
-45,-7,87,7
-45,-6,87,7
-45,-5,87,7
-45,-4,87,7
-45,-3,87,7
-45,-2,87,7
-45,-1,87,7
-45,0,87,7
-44,-13,85,7
-44,-12,85,7
-44,-11,85,7
-44,-10,85,7
-44,-9,87,7
-44,-8,87,7
-44,-7,87,7
-44,-6,87,7
-44,-5,87,7
-44,-4,87,7
-44,-3,87,7
-44,-2,87,7
-44,-1,87,7
-44,0,87,7
-43,-15,85,7
-43,-14,85,7
-43,-13,85,7
-43,-12,85,7
-43,-11,85,7
-43,-10,87,7
-43,-9,87,7
-43,-8,87,7
-43,-7,84,7
-43,-6,84,7
-43,-5,87,7
-43,-4,87,7
-43,-3,87,7
-43,-2,87,7
-43,-1,87,7
-43,0,87,7
-43,1,87,7
-43,3,87,7
-42,-15,85,7
-42,-14,85,7
-42,-13,85,7
-42,-12,85,7
-42,-11,85,7
-42,-10,85,7
-42,-9,84,7
-42,-8,87,7
-42,-7,84,7
-42,-6,84,7
-42,-5,87,7
-42,-4,87,7
-42,-3,87,7
-42,-2,87,7
-42,-1,87,7
-42,0,87,7
-42,1,87,7
-42,2,87,7
-41,-16,85,7
-41,-15,85,7
-41,-14,85,7
-41,-13,85,7
-41,-12,85,7
-41,-11,85,7
-41,-10,85,7
-41,-9,85,7
-41,-8,84,7
-41,-7,84,7
-41,-6,84,7
-41,-5,87,7
-41,-4,87,7
-41,-3,87,7
-41,-2,87,7
-41,-1,87,7
-41,0,87,7
-41,1,86,7
-41,2,86,7
-41,3,86,7
-41,4,86,7
-40,-16,85,7
-40,-15,85,7
-40,-14,85,7
-40,-13,85,7
-40,-12,85,7
-40,-11,85,7
-40,-10,85,7
-40,-9,85,7
-40,-8,84,7
-40,-7,84,7
-40,-6,84,7
-40,-5,84,7
-40,-4,87,7
-40,-3,87,7
-40,-2,87,7
-40,-1,86,7
-40,0,86,7
-40,1,86,7
-40,2,86,7
-40,3,86,7
-40,4,86,7
-39,-16,85,7
-39,-15,85,7
-39,-14,85,7
-39,-13,85,7
-39,-12,85,7
-39,-11,85,7
-39,-10,85,7
-39,-9,85,7
-39,-8,84,7
-39,-7,84,7
-39,-6,84,7
-39,-5,84,7
-39,-4,87,7
-39,-3,86,7
-39,-2,86,7
-39,-1,86,7
-39,0,86,7
-39,1,86,7
-39,2,86,7
-39,3,86,7
-39,4,86,7
-39,5,86,7
-38,-16,85,7
-38,-15,85,7
-38,-14,85,7
-38,-13,85,7
-38,-12,85,7
-38,-11,85,7
-38,-10,85,7
-38,-9,85,7
-38,-8,84,7
-38,-7,84,7
-38,-6,84,7
-38,-5,84,7
-38,-4,84,7
-38,-3,86,7
-38,-2,86,7
-38,-1,86,7
-38,0,86,7
-38,1,86,7
-38,2,86,7
-38,3,86,7
-38,4,86,7
-38,5,86,7
-38,6,86,7
-37,-16,85,7
-37,-15,85,7
-37,-14,85,7
-37,-13,85,7
-37,-12,85,7
-37,-11,85,7
-37,-10,84,7
-37,-9,85,7
-37,-8,84,7
-37,-7,84,7
-37,-6,84,7
-37,-5,84,7
-37,-4,84,7
-37,-3,86,7
-37,-2,86,7
-37,-1,86,7
-37,0,86,7
-37,1,86,7
-37,2,86,7
-37,3,86,7
-37,4,86,7
-37,5,86,7
-37,6,86,7
-37,7,86,7
-36,-17,85,7
-36,-16,85,7
-36,-15,85,7
-36,-14,85,7
-36,-13,85,7
-36,-12,85,7
-36,-11,85,7
-36,-10,84,7
-36,-9,84,7
-36,-8,84,7
-36,-7,84,7
-36,-6,84,7
-36,-5,84,7
-36,-4,84,7
-36,-3,86,7
-36,-2,86,7
-36,-1,86,7
-36,0,86,7
-36,1,86,7
-36,2,86,7
-36,3,86,7
-36,4,86,7
-36,5,86,7
-36,6,86,7
-35,-17,85,7
-35,-16,85,7
-35,-15,85,7
-35,-14,85,7
-35,-13,85,7
-35,-12,85,7
-35,-11,85,7
-35,-10,84,7
-35,-9,84,7
-35,-8,84,7
-35,-7,84,7
-35,-6,84,7
-35,-5,84,7
-35,-4,84,7
-35,-3,84,7
-35,-2,86,7
-35,-1,86,7
-35,0,86,7
-35,1,86,7
-35,2,86,7
-35,3,86,7
-35,4,86,7
-35,5,86,7
-34,-17,85,7
-34,-16,85,7
-34,-15,85,7
-34,-14,85,7
-34,-13,85,7
-34,-12,85,7
-34,-11,85,7
-34,-10,85,7
-34,-9,81,8
-34,-8,84,7
-34,-7,84,7
-34,-6,84,7
-34,-5,84,7
-34,-4,84,7
-34,-3,84,7
-34,-2,86,7
-34,-1,86,7
-34,0,86,7
-34,1,86,7
-34,2,86,7
-34,3,86,7
-34,5,86,7
-33,-19,69,19
-33,-18,69,19
-33,-17,85,7
-33,-16,85,7
-33,-15,85,7
-33,-14,85,7
-33,-13,85,7
-33,-12,85,7
-33,-11,85,7
-33,-10,85,7
-33,-9,85,7
-33,-8,84,7
-33,-7,84,7
-33,-6,84,7
-33,-5,84,7
-33,-4,84,7
-33,-3,84,7
-33,-2,84,7
-33,-1,86,7
-33,0,86,7
-33,1,83,8
-33,2,83,8
-33,3,83,8
-33,4,83,8
-32,-23,69,19
-32,-22,69,19
-32,-21,69,19
-32,-20,69,19
-32,-19,69,19
-32,-18,69,19
-32,-17,85,7
-32,-16,85,7
-32,-15,85,7
-32,-14,85,7
-32,-13,85,7
-32,-12,85,7
-32,-11,85,7
-32,-10,81,8
-32,-9,81,8
-32,-8,84,7
-32,-7,84,7
-32,-6,84,7
-32,-5,84,7
-32,-4,84,7
-32,-3,84,7
-32,-2,84,7
-32,-1,83,8
-32,0,83,8
-32,1,83,8
-32,2,83,8
-32,3,83,8
-32,4,82,8
-32,5,82,8
-31,-29,70,19
-31,-25,69,19
-31,-24,69,19
-31,-23,69,19
-31,-22,69,19
-31,-21,69,19
-31,-20,69,19
-31,-19,69,19
-31,-18,69,19
-31,-17,85,7
-31,-16,49,7
-31,-15,85,7
-31,-14,48,8
-31,-13,85,7
-31,-12,85,7
-31,-11,81,8
-31,-10,81,8
-31,-9,81,8
-31,-8,81,8
-31,-7,81,8
-31,-6,84,7
-31,-5,84,7
-31,-4,84,7
-31,-3,83,8
-31,-2,83,8
-31,-1,83,8
-31,0,83,8
-31,1,83,8
-31,2,82,8
-31,3,82,8
-31,4,82,8
-31,5,82,8
-31,6,82,8
-30,-35,70,19
-30,-34,70,19
-30,-33,70,19
-30,-32,70,19
-30,-31,70,19
-30,-30,70,19
-30,-29,70,19
-30,-28,69,19
-30,-26,69,19
-30,-25,69,19
-30,-24,69,19
-30,-23,69,19
-30,-22,69,19
-30,-21,69,19
-30,-20,69,19
-30,-19,69,19
-30,-18,69,19
-30,-17,49,7
-30,-16,49,7
-30,-15,49,7
-30,-14,48,8
-30,-13,48,8
-30,-12,48,8
-30,-11,48,8
-30,-10,81,8
-30,-9,81,8
-30,-8,81,8
-30,-7,81,8
-30,-6,81,8
-30,-5,81,8
-30,-4,83,8
-30,-3,83,8
-30,-2,83,8
-30,-1,83,8
-30,0,82,8
-30,1,82,8
-30,2,82,8
-30,3,82,8
-30,4,82,8
-30,5,82,8
-30,6,79,8
-30,27,76,9
-29,-36,70,19
-29,-35,70,19
-29,-34,70,19
-29,-33,70,19
-29,-32,70,19
-29,-31,70,19
-29,-30,70,19
-29,-29,70,19
-29,-28,69,19
-29,-27,69,19
-29,-26,69,19
-29,-25,69,19
-29,-24,69,19
-29,-23,69,19
-29,-22,69,19
-29,-21,69,19
-29,-20,69,19
-29,-19,69,19
-29,-18,69,19
-29,-17,49,7
-29,-16,49,7
-29,-15,49,7
-29,-14,48,8
-29,-13,48,8
-29,-12,48,8
-29,-11,48,8
-29,-10,47,8
-29,-9,81,8
-29,-8,81,8
-29,-7,81,8
-29,-6,81,8
-29,-5,81,8
-29,-4,83,8
-29,-3,83,8
-29,-2,82,8
-29,-1,82,8
-29,0,82,8
-29,1,82,8
-29,2,82,8
-29,3,82,8
-29,4,82,8
-29,5,79,8
-29,6,79,8
-29,7,79,8
-29,16,77,9
-29,17,77,9
-29,18,77,9
-29,27,76,9
-28,-35,70,19
-28,-34,70,19
-28,-33,70,19
-28,-32,70,19
-28,-31,70,19
-28,-30,70,19
-28,-29,70,19
-28,-28,70,19
-28,-27,69,19
-28,-26,69,19
-28,-25,69,19
-28,-24,69,19
-28,-23,69,19
-28,-22,69,19
-28,-21,69,19
-28,-20,69,19
-28,-19,69,19
-28,-18,69,19
-28,-17,49,7
-28,-16,49,7
-28,-15,48,8
-28,-14,48,8
-28,-13,48,8
-28,-12,48,8
-28,-11,48,8
-28,-10,47,8
-28,-9,47,8
-28,-8,81,8
-28,-7,81,8
-28,-6,81,8
-28,-5,81,8
-28,-4,82,8
-28,-3,82,8
-28,-2,82,8
-28,-1,82,8
-28,0,82,8
-28,1,82,8
-28,2,82,8
-28,3,79,8
-28,4,79,8
-28,5,79,8
-28,6,79,8
-28,7,79,8
-28,17,77,9
-28,18,77,9
-28,19,77,9
-28,23,77,9
-28,24,77,9
-28,27,76,9
-27,-35,70,19
-27,-34,70,19
-27,-33,70,19
-27,-32,70,19
-27,-31,70,19
-27,-30,70,19
-27,-29,70,19
-27,-28,69,19
-27,-27,69,19
-27,-26,69,19
-27,-25,69,19
-27,-24,69,19
-27,-23,69,19
-27,-22,69,19
-27,-21,69,19
-27,-20,69,19
-27,-19,69,19
-27,-18,69,19
-27,-17,49,7
-27,-16,49,7
-27,-15,49,7
-27,-14,48,8
-27,-13,48,8
-27,-12,48,8
-27,-11,48,8
-27,-10,47,8
-27,-9,47,8
-27,-8,81,8
-27,-7,81,8
-27,-6,81,8
-27,-5,80,8
-27,-4,80,8
-27,-3,82,8
-27,-2,82,8
-27,-1,82,8
-27,0,82,8
-27,1,82,8
-27,2,79,8
-27,3,79,8
-27,4,79,8
-27,5,79,8
-27,6,79,8
-27,7,78,8
-27,13,77,9
-27,14,77,9
-27,16,77,9
-27,17,77,9
-27,18,77,9
-27,19,77,9
-27,20,77,9
-27,22,77,9
-27,23,77,9
-27,24,76,9
-27,25,76,9
-27,26,76,9
-27,27,76,9
-26,-35,70,19
-26,-34,70,19
-26,-33,70,19
-26,-32,70,19
-26,-31,70,19
-26,-30,70,19
-26,-29,70,19
-26,-28,70,19
-26,-27,69,19
-26,-26,69,19
-26,-25,69,19
-26,-24,69,19
-26,-23,69,19
-26,-22,69,19
-26,-21,69,19
-26,-20,69,19
-26,-19,69,19
-26,-18,69,19
-26,-17,49,7
-26,-16,49,7
-26,-15,49,7
-26,-14,49,7
-26,-13,48,8
-26,-12,48,8
-26,-11,48,8
-26,-10,47,8
-26,-9,47,8
-26,-8,47,8
-26,-7,80,8
-26,-6,80,8
-26,-5,80,8
-26,-4,80,8
-26,-3,80,8
-26,-2,82,8
-26,-1,82,8
-26,0,82,8
-26,1,79,8
-26,2,79,8
-26,3,79,8
-26,4,79,8
-26,5,79,8
-26,6,78,8
-26,7,78,8
-26,8,78,8
-26,9,78,8
-26,13,77,9
-26,14,77,9
-26,17,77,9
-26,18,77,9
-26,19,77,9
-26,20,77,9
-26,21,77,9
-26,22,77,9
-26,23,76,9
-26,24,76,9
-26,25,76,9
-26,26,76,9
-26,27,76,9
-26,28,76,9
-25,-41,67,19
-25,-40,67,19
-25,-37,67,19
-25,-33,70,19
-25,-32,70,19
-25,-31,70,19
-25,-30,70,19
-25,-29,70,19
-25,-28,70,19
-25,-27,70,19
-25,-26,69,19
-25,-25,69,19
-25,-24,69,19
-25,-23,69,19
-25,-22,69,19
-25,-21,69,19
-25,-20,69,19
-25,-19,69,19
-25,-18,69,19
-25,-17,49,7
-25,-16,49,7
-25,-15,49,7
-25,-14,49,7
-25,-13,48,8
-25,-12,48,8
-25,-11,48,8
-25,-10,48,8
-25,-9,47,8
-25,-8,47,8
-25,-7,47,8
-25,-6,80,8
-25,-5,80,8
-25,-4,80,8
-25,-3,80,8
-25,-2,80,8
-25,-1,82,8
-25,0,82,8
-25,1,82,8
-25,2,79,8
-25,3,79,8
-25,4,79,8
-25,5,79,8
-25,6,78,8
-25,7,78,8
-25,8,78,8
-25,13,77,9
-25,14,77,9
-25,16,77,9
-25,17,77,9
-25,18,77,9
-25,19,77,9
-25,20,77,9
-25,21,77,9
-25,22,76,9
-25,23,76,9
-25,24,76,9
-25,25,76,9
-25,26,76,9
-25,27,76,9
-25,28,117,9
-24,-41,67,19
-24,-40,67,19
-24,-39,67,19
-24,-37,67,19
-24,-36,67,19
-24,-31,70,19
-24,-30,70,19
-24,-29,70,19
-24,-28,70,19
-24,-27,70,19
-24,-26,70,19
-24,-25,69,19
-24,-24,69,19
-24,-23,69,19
-24,-22,69,19
-24,-21,69,19
-24,-20,65,19
-24,-19,65,19
-24,-18,65,19
-24,-17,49,7
-24,-16,49,7
-24,-15,49,7
-24,-14,49,7
-24,-13,48,8
-24,-12,48,8
-24,-11,48,8
-24,-10,48,8
-24,-9,47,8
-24,-8,47,8
-24,-7,47,8
-24,-6,80,8
-24,-5,80,8
-24,-4,80,8
-24,-3,80,8
-24,-2,80,8
-24,-1,80,8
-24,0,82,8
-24,1,82,8
-24,2,82,8
-24,3,79,8
-24,4,79,8
-24,5,79,8
-24,6,78,8
-24,7,78,8
-24,8,78,8
-24,9,78,8
-24,10,78,8
-24,13,77,9
-24,14,77,9
-24,15,77,9
-24,17,77,9
-24,19,77,9
-24,20,77,9
-24,21,77,9
-24,22,76,9
-24,23,76,9
-24,24,76,9
-24,25,76,9
-24,26,76,9
-24,27,117,9
-24,28,117,9
-24,29,117,9
-23,-42,67,19
-23,-41,67,19
-23,-40,67,19
-23,-39,67,19
-23,-38,67,19
-23,-37,67,19
-23,-36,67,19
-23,-35,67,19
-23,-33,70,19
-23,-32,70,19
-23,-31,70,19
-23,-30,70,19
-23,-29,70,19
-23,-28,70,19
-23,-27,70,19
-23,-26,70,19
-23,-25,70,19
-23,-24,69,19
-23,-23,65,19
-23,-22,65,19
-23,-21,65,19
-23,-20,65,19
-23,-19,65,19
-23,-18,65,19
-23,-17,49,7
-23,-16,49,7
-23,-15,49,7
-23,-14,49,7
-23,-13,48,8
-23,-12,48,8
-23,-11,48,8
-23,-10,48,8
-23,-9,47,8
-23,-8,47,8
-23,-7,47,8
-23,-6,47,8
-23,-5,47,8
-23,-4,80,8
-23,-3,80,8
-23,-2,80,8
-23,-1,80,8
-23,0,82,8
-23,1,82,8
-23,2,82,8
-23,3,79,8
-23,4,79,8
-23,5,79,8
-23,6,78,8
-23,7,78,8
-23,8,78,8
-23,9,78,8
-23,10,78,8
-23,11,77,9
-23,12,77,9
-23,13,77,9
-23,14,77,9
-23,15,77,9
-23,16,77,9
-23,19,77,9
-23,20,77,9
-23,21,76,9
-23,22,76,9
-23,23,76,9
-23,24,76,9
-23,25,76,9
-23,26,76,9
-23,27,117,9
-23,28,117,9
-23,29,117,9
-23,35,74,10
-23,36,74,10
-22,-42,67,19
-22,-41,67,19
-22,-40,67,19
-22,-39,67,19
-22,-38,67,19
-22,-37,67,19
-22,-36,67,19
-22,-35,67,19
-22,-34,67,19
-22,-33,70,19
-22,-32,70,19
-22,-31,70,19
-22,-30,70,19
-22,-29,70,19
-22,-28,70,19
-22,-27,70,19
-22,-26,70,19
-22,-25,70,19
-22,-24,65,19
-22,-23,65,19
-22,-22,65,19
-22,-21,65,19
-22,-20,65,19
-22,-19,65,19
-22,-18,65,19
-22,-17,49,7
-22,-16,49,7
-22,-15,49,7
-22,-14,48,8
-22,-13,48,8
-22,-12,48,8
-22,-11,48,8
-22,-10,48,8
-22,-9,47,8
-22,-8,47,8
-22,-7,47,8
-22,-6,47,8
-22,-5,47,8
-22,-4,47,8
-22,-3,80,8
-22,-2,80,8
-22,-1,80,8
-22,0,80,8
-22,1,82,8
-22,2,79,8
-22,3,79,8
-22,4,79,8
-22,5,79,8
-22,6,79,8
-22,7,78,8
-22,8,78,8
-22,9,78,8
-22,10,77,9
-22,11,77,9
-22,12,77,9
-22,13,77,9
-22,14,77,9
-22,15,77,9
-22,16,77,9
-22,17,77,9
-22,18,77,9
-22,19,76,9
-22,20,76,9
-22,21,76,9
-22,22,76,9
-22,23,76,9
-22,24,76,9
-22,25,76,9
-22,26,117,9
-22,27,117,9
-22,28,117,9
-22,29,117,9
-22,34,74,10
-22,35,74,10
-21,-44,68,19
-21,-42,67,19
-21,-41,67,19
-21,-40,67,19
-21,-39,67,19
-21,-38,67,19
-21,-37,67,19
-21,-36,67,19
-21,-35,67,19
-21,-34,67,19
-21,-33,70,19
-21,-32,70,19
-21,-31,66,19
-21,-30,70,19
-21,-29,70,19
-21,-28,70,19
-21,-27,66,19
-21,-26,65,19
-21,-25,65,19
-21,-24,65,19
-21,-23,65,19
-21,-22,65,19
-21,-21,42,6
-21,-20,42,6
-21,-19,65,19
-21,-18,65,19
-21,-17,65,19
-21,-16,49,7
-21,-15,48,8
-21,-14,48,8
-21,-13,48,8
-21,-12,48,8
-21,-11,48,8
-21,-10,48,8
-21,-9,47,8
-21,-8,47,8
-21,-7,47,8
-21,-6,47,8
-21,-5,47,8
-21,-4,47,8
-21,-3,47,8
-21,-2,46,8
-21,-1,80,8
-21,0,46,8
-21,1,46,8
-21,2,79,8
-21,3,79,8
-21,4,79,8
-21,5,79,8
-21,6,79,8
-21,7,79,8
-21,8,78,8
-21,9,78,8
-21,10,78,8
-21,11,77,9
-21,12,77,9
-21,13,77,9
-21,14,77,9
-21,15,77,9
-21,16,77,9
-21,17,75,9
-21,18,75,9
-21,19,75,9
-21,20,76,9
-21,21,76,9
-21,22,76,9
-21,23,76,9
-21,24,76,9
-21,25,117,9
-21,26,117,9
-21,27,117,9
-21,28,117,9
-21,29,117,9
-21,30,117,9
-21,31,117,9
-21,32,117,9
-21,33,117,9
-21,34,74,10
-21,35,74,10
-20,-42,67,19
-20,-41,67,19
-20,-40,67,19
-20,-39,67,19
-20,-38,67,19
-20,-37,67,19
-20,-36,67,19
-20,-35,67,19
-20,-34,66,19
-20,-33,70,19
-20,-32,66,19
-20,-31,66,19
-20,-30,70,19
-20,-29,66,19
-20,-28,66,19
-20,-27,65,19
-20,-26,65,19
-20,-25,65,19
-20,-24,65,19
-20,-23,65,19
-20,-22,65,19
-20,-21,65,19
-20,-20,42,6
-20,-19,42,6
-20,-18,45,8
-20,-17,65,19
-20,-16,48,8
-20,-15,48,8
-20,-14,48,8
-20,-13,48,8
-20,-12,48,8
-20,-11,48,8
-20,-10,48,8
-20,-9,45,8
-20,-8,47,8
-20,-7,47,8
-20,-6,47,8
-20,-5,47,8
-20,-4,47,8
-20,-3,47,8
-20,-2,46,8
-20,-1,46,8
-20,0,46,8
-20,1,46,8
-20,2,46,8
-20,3,79,8
-20,4,79,8
-20,5,79,8
-20,6,79,8
-20,7,78,8
-20,8,78,8
-20,9,78,8
-20,10,78,8
-20,11,77,9
-20,12,77,9
-20,13,77,9
-20,14,75,9
-20,15,75,9
-20,16,75,9
-20,17,75,9
-20,18,75,9
-20,19,75,9
-20,20,75,9
-20,21,76,9
-20,22,76,9
-20,23,76,9
-20,24,76,9
-20,25,117,9
-20,26,117,9
-20,27,117,9
-20,28,117,9
-20,29,117,9
-20,30,117,9
-20,31,117,9
-20,32,117,9
-20,33,74,10
-20,34,74,10
-20,35,74,10
-19,-55,64,19
-19,-44,68,19
-19,-43,68,19
-19,-42,68,19
-19,-41,67,19
-19,-40,67,19
-19,-39,67,19
-19,-38,67,19
-19,-37,67,19
-19,-36,67,19
-19,-35,67,19
-19,-34,67,19
-19,-33,66,19
-19,-32,66,19
-19,-31,66,19
-19,-30,66,19
-19,-29,66,19
-19,-28,65,19
-19,-27,65,19
-19,-26,65,19
-19,-25,42,6
-19,-24,65,19
-19,-23,42,6
-19,-22,42,6
-19,-21,42,6
-19,-20,42,6
-19,-19,42,6
-19,-18,45,8
-19,-17,45,8
-19,-16,45,8
-19,-15,48,8
-19,-14,48,8
-19,-13,48,8
-19,-12,48,8
-19,-11,45,8
-19,-10,45,8
-19,-9,45,8
-19,-8,47,8
-19,-7,47,8
-19,-6,47,8
-19,-5,47,8
-19,-4,47,8
-19,-3,47,8
-19,-2,46,8
-19,-1,46,8
-19,0,46,8
-19,1,46,8
-19,2,46,8
-19,3,46,8
-19,4,79,8
-19,5,79,8
-19,6,78,8
-19,7,78,8
-19,8,78,8
-19,9,78,8
-19,10,78,8
-19,11,77,9
-19,12,77,9
-19,13,75,9
-19,14,75,9
-19,15,75,9
-19,16,75,9
-19,17,75,9
-19,18,75,9
-19,19,75,9
-19,20,75,9
-19,21,76,9
-19,22,76,9
-19,23,76,9
-19,24,117,9
-19,25,117,9
-19,26,117,9
-19,27,117,9
-19,28,117,9
-19,29,117,9
-19,30,117,9
-19,31,117,9
-19,32,74,10
-19,33,74,10
-19,34,74,10
-19,35,74,10
-19,36,74,10
-18,-61,64,19
-18,-59,64,19
-18,-55,64,19
-18,-54,64,19
-18,-44,68,19
-18,-43,68,19
-18,-42,68,19
-18,-41,68,19
-18,-40,67,19
-18,-39,67,19
-18,-38,67,19
-18,-37,67,19
-18,-36,67,19
-18,-35,67,19
-18,-34,67,19
-18,-33,66,19
-18,-32,66,19
-18,-31,66,19
-18,-30,66,19
-18,-29,65,19
-18,-28,65,19
-18,-27,42,6
-18,-26,42,6
-18,-25,42,6
-18,-24,42,6
-18,-23,42,6
-18,-22,42,6
-18,-21,42,6
-18,-20,42,6
-18,-19,42,6
-18,-18,45,8
-18,-17,45,8
-18,-16,45,8
-18,-15,48,8
-18,-14,48,8
-18,-13,48,8
-18,-12,45,8
-18,-11,45,8
-18,-10,45,8
-18,-9,45,8
-18,-8,47,8
-18,-7,47,8
-18,-6,47,8
-18,-5,47,8
-18,-4,44,8
-18,-3,44,8
-18,-2,46,8
-18,-1,46,8
-18,0,46,8
-18,1,46,8
-18,2,46,8
-18,3,46,8
-18,4,46,8
-18,5,78,8
-18,6,78,8
-18,7,78,8
-18,8,78,8
-18,9,78,8
-18,10,78,8
-18,11,77,9
-18,12,75,9
-18,13,75,9
-18,14,75,9
-18,15,75,9
-18,16,75,9
-18,17,75,9
-18,18,75,9
-18,19,75,9
-18,20,75,9
-18,21,75,9
-18,22,76,9
-18,23,117,9
-18,24,117,9
-18,25,117,9
-18,26,117,9
-18,27,117,9
-18,28,117,9
-18,29,117,9
-18,30,117,9
-18,31,117,9
-18,32,74,10
-18,33,74,10
-18,34,74,10
-18,35,74,10
-18,36,74,10
-18,37,74,10
-17,-61,64,19
-17,-60,64,19
-17,-59,64,19
-17,-58,64,19
-17,-55,64,19
-17,-45,68,19
-17,-44,68,19
-17,-43,68,19
-17,-42,68,19
-17,-41,68,19
-17,-40,67,19
-17,-39,67,19
-17,-38,67,19
-17,-37,67,19
-17,-36,67,19
-17,-35,67,19
-17,-34,66,19
-17,-33,66,19
-17,-32,66,19
-17,-31,66,19
-17,-30,66,19
-17,-29,65,19
-17,-28,65,19
-17,-27,42,6
-17,-26,42,6
-17,-25,42,6
-17,-24,42,6
-17,-23,42,6
-17,-22,42,6
-17,-21,42,6
-17,-20,42,6
-17,-19,42,6
-17,-18,45,8
-17,-17,45,8
-17,-16,45,8
-17,-15,45,8
-17,-14,45,8
-17,-13,45,8
-17,-12,45,8
-17,-11,45,8
-17,-10,45,8
-17,-9,45,8
-17,-8,47,8
-17,-7,47,8
-17,-6,44,8
-17,-5,44,8
-17,-4,44,8
-17,-3,46,8
-17,-2,46,8
-17,-1,46,8
-17,0,46,8
-17,1,46,8
-17,2,46,8
-17,3,46,8
-17,4,46,8
-17,5,46,8
-17,6,78,8
-17,7,78,8
-17,8,78,8
-17,9,78,8
-17,10,77,9
-17,11,77,9
-17,12,75,9
-17,13,75,9
-17,14,75,9
-17,15,75,9
-17,16,75,9
-17,17,75,9
-17,18,75,9
-17,19,75,9
-17,20,75,9
-17,21,75,9
-17,22,117,9
-17,23,117,9
-17,24,117,9
-17,25,117,9
-17,26,117,9
-17,27,117,9
-17,28,117,9
-17,29,117,9
-17,30,117,9
-17,31,74,10
-17,32,74,10
-17,33,74,10
-17,34,74,10
-17,35,74,10
-17,36,74,10
-17,37,74,10
-16,-61,64,19
-16,-60,64,19
-16,-59,64,19
-16,-58,64,19
-16,-43,68,19
-16,-42,68,19
-16,-41,68,19
-16,-40,68,19
-16,-39,67,19
-16,-38,67,19
-16,-37,67,19
-16,-36,67,19
-16,-35,67,19
-16,-34,67,19
-16,-33,66,19
-16,-32,66,19
-16,-31,66,19
-16,-30,65,19
-16,-29,65,19
-16,-28,42,6
-16,-27,65,19
-16,-26,65,19
-16,-25,42,6
-16,-24,42,6
-16,-23,42,6
-16,-22,42,6
-16,-21,42,6
-16,-20,42,6
-16,-19,42,6
-16,-18,45,8
-16,-17,45,8
-16,-16,45,8
-16,-15,45,8
-16,-14,45,8
-16,-13,45,8
-16,-12,45,8
-16,-11,45,8
-16,-10,45,8
-16,-9,45,8
-16,-8,47,8
-16,-7,44,8
-16,-6,44,8
-16,-5,44,8
-16,-4,44,8
-16,-3,46,8
-16,-2,46,8
-16,-1,46,8
-16,0,46,8
-16,1,46,8
-16,2,46,8
-16,3,46,8
-16,4,46,8
-16,5,46,8
-16,6,46,8
-16,7,78,8
-16,8,78,8
-16,9,78,8
-16,10,78,8
-16,11,77,9
-16,12,75,9
-16,13,75,9
-16,14,75,9
-16,15,75,9
-16,16,75,9
-16,17,75,9
-16,18,75,9
-16,19,75,9
-16,20,75,9
-16,21,117,9
-16,22,117,9
-16,23,117,9
-16,24,117,9
-16,25,117,9
-16,26,117,9
-16,27,117,9
-16,28,117,9
-16,29,117,9
-16,30,74,10
-16,31,74,10
-16,32,74,10
-16,33,74,10
-16,34,74,10
-16,35,74,10
-16,36,74,10
-16,37,74,10
-16,38,73,10
-15,-62,64,19
-15,-61,64,19
-15,-60,64,19
-15,-59,64,19
-15,-58,64,19
-15,-57,64,19
-15,-43,68,19
-15,-42,68,19
-15,-41,68,19
-15,-40,68,19
-15,-39,68,19
-15,-38,67,19
-15,-37,67,19
-15,-36,67,19
-15,-35,67,19
-15,-34,67,19
-15,-33,67,19
-15,-32,66,19
-15,-31,62,6
-15,-30,62,6
-15,-29,42,6
-15,-28,42,6
-15,-27,42,6
-15,-26,42,6
-15,-25,42,6
-15,-24,42,6
-15,-23,42,6
-15,-22,42,6
-15,-21,42,6
-15,-20,42,6
-15,-19,42,6
-15,-18,45,8
-15,-17,45,8
-15,-16,45,8
-15,-15,45,8
-15,-14,45,8
-15,-13,45,8
-15,-12,45,8
-15,-11,45,8
-15,-10,45,8
-15,-9,45,8
-15,-8,44,8
-15,-7,44,8
-15,-6,44,8
-15,-5,44,8
-15,-4,44,8
-15,-3,46,8
-15,-2,46,8
-15,-1,46,8
-15,0,46,8
-15,1,46,8
-15,2,46,8
-15,3,46,8
-15,4,46,8
-15,5,46,8
-15,6,46,8
-15,7,46,8
-15,8,78,8
-15,9,78,8
-15,10,112,9
-15,11,75,9
-15,12,75,9
-15,13,75,9
-15,14,75,9
-15,15,75,9
-15,16,75,9
-15,17,75,9
-15,18,75,9
-15,19,75,9
-15,20,75,9
-15,21,117,9
-15,22,117,9
-15,23,117,9
-15,24,117,9
-15,25,117,9
-15,26,117,9
-15,27,117,9
-15,28,117,9
-15,29,74,10
-15,30,74,10
-15,31,74,10
-15,32,74,10
-15,33,74,10
-15,34,74,10
-15,35,74,10
-15,36,74,10
-15,37,73,10
-15,38,73,10
-14,-63,64,19
-14,-62,64,19
-14,-61,64,19
-14,-60,64,19
-14,-59,64,19
-14,-58,64,19
-14,-57,64,19
-14,-56,64,19
-14,-43,68,19
-14,-42,68,19
-14,-41,68,19
-14,-40,68,19
-14,-39,68,19
-14,-38,67,19
-14,-37,67,19
-14,-36,67,19
-14,-35,67,19
-14,-34,67,19
-14,-33,67,19
-14,-32,67,19
-14,-31,62,6
-14,-30,62,6
-14,-29,42,6
-14,-28,42,6
-14,-27,42,6
-14,-26,42,6
-14,-25,42,6
-14,-24,42,6
-14,-23,42,6
-14,-22,42,6
-14,-21,42,6
-14,-20,42,6
-14,-19,42,6
-14,-18,45,8
-14,-17,45,8
-14,-16,45,8
-14,-15,45,8
-14,-14,45,8
-14,-13,45,8
-14,-12,45,8
-14,-11,45,8
-14,-10,45,8
-14,-9,44,8
-14,-8,44,8
-14,-7,44,8
-14,-6,44,8
-14,-5,44,8
-14,-4,44,8
-14,-3,46,8
-14,-2,46,8
-14,-1,46,8
-14,0,46,8
-14,1,46,8
-14,2,46,8
-14,3,46,8
-14,4,46,8
-14,5,46,8
-14,6,46,8
-14,7,46,8
-14,8,46,8
-14,9,112,9
-14,10,112,9
-14,11,112,9
-14,12,112,9
-14,13,75,9
-14,14,75,9
-14,15,75,9
-14,16,75,9
-14,17,75,9
-14,18,75,9
-14,19,75,9
-14,20,117,9
-14,21,117,9
-14,22,117,9
-14,23,117,9
-14,24,117,9
-14,25,117,9
-14,26,117,9
-14,27,117,9
-14,28,117,9
-14,29,74,10
-14,30,74,10
-14,31,74,10
-14,32,74,10
-14,33,74,10
-14,34,74,10
-14,35,74,10
-14,36,74,10
-14,37,73,10
-14,38,73,10
-13,-63,64,19
-13,-62,64,19
-13,-61,64,19
-13,-60,64,19
-13,-59,64,19
-13,-58,64,19
-13,-57,64,19
-13,-56,64,19
-13,-55,64,19
-13,-54,64,19
-13,-53,64,19
-13,-46,63,19
-13,-43,68,19
-13,-42,68,19
-13,-41,68,19
-13,-40,68,19
-13,-39,63,19
-13,-38,63,19
-13,-37,63,19
-13,-36,67,19
-13,-35,67,19
-13,-34,67,19
-13,-33,67,19
-13,-32,62,6
-13,-31,62,6
-13,-30,62,6
-13,-29,42,6
-13,-28,42,6
-13,-27,42,6
-13,-26,42,6
-13,-25,42,6
-13,-24,42,6
-13,-23,42,6
-13,-22,42,6
-13,-21,42,6
-13,-20,42,6
-13,-19,42,6
-13,-18,41,16
-13,-17,41,16
-13,-16,45,8
-13,-15,45,8
-13,-14,45,8
-13,-13,45,8
-13,-12,45,8
-13,-11,45,8
-13,-10,44,8
-13,-9,44,8
-13,-8,44,8
-13,-7,44,8
-13,-6,44,8
-13,-5,44,8
-13,-4,44,8
-13,-3,113,8
-13,-2,113,8
-13,-1,113,8
-13,0,113,8
-13,1,46,8
-13,2,46,8
-13,3,46,8
-13,4,46,8
-13,5,46,8
-13,6,46,8
-13,7,46,8
-13,8,112,9
-13,9,112,9
-13,10,112,9
-13,11,112,9
-13,12,112,9
-13,13,112,9
-13,14,75,9
-13,15,75,9
-13,16,75,9
-13,17,75,9
-13,18,75,9
-13,19,115,9
-13,20,115,9
-13,21,115,9
-13,22,117,9
-13,23,117,9
-13,24,117,9
-13,25,117,9
-13,26,117,9
-13,27,117,9
-13,28,74,10
-13,29,74,10
-13,30,74,10
-13,31,74,10
-13,32,74,10
-13,33,74,10
-13,34,74,10
-13,35,73,10
-13,36,73,10
-13,37,73,10
-12,-62,64,19
-12,-61,64,19
-12,-60,64,19
-12,-59,64,19
-12,-58,64,19
-12,-57,64,19
-12,-56,64,19
-12,-55,64,19
-12,-54,64,19
-12,-47,63,19
-12,-46,63,19
-12,-45,63,19
-12,-44,63,19
-12,-43,63,19
-12,-42,68,19
-12,-41,63,19
-12,-40,63,19
-12,-39,63,19
-12,-38,63,19
-12,-37,63,19
-12,-36,63,19
-12,-35,62,6
-12,-34,62,6
-12,-33,62,6
-12,-32,62,6
-12,-31,62,6
-12,-30,62,6
-12,-29,42,6
-12,-28,42,6
-12,-27,42,6
-12,-26,42,6
-12,-25,42,6
-12,-24,42,6
-12,-23,42,6
-12,-22,42,6
-12,-21,42,6
-12,-20,42,6
-12,-19,42,6
-12,-18,41,16
-12,-17,41,16
-12,-16,41,16
-12,-15,41,16
-12,-14,45,8
-12,-13,45,8
-12,-12,45,8
-12,-11,44,8
-12,-10,44,8
-12,-9,44,8
-12,-8,44,8
-12,-7,44,8
-12,-6,44,8
-12,-5,44,8
-12,-4,44,8
-12,-3,113,8
-12,-2,113,8
-12,-1,113,8
-12,0,113,8
-12,1,113,8
-12,2,113,8
-12,3,46,8
-12,4,46,8
-12,5,46,8
-12,6,112,9
-12,7,112,9
-12,8,112,9
-12,9,112,9
-12,10,112,9
-12,11,112,9
-12,12,112,9
-12,13,114,9
-12,14,115,9
-12,15,115,9
-12,16,75,9
-12,17,75,9
-12,18,115,9
-12,19,115,9
-12,20,115,9
-12,21,115,9
-12,22,115,9
-12,23,117,9
-12,24,117,9
-12,25,117,9
-12,26,117,9
-12,27,74,10
-12,28,74,10
-12,29,74,10
-12,30,74,10
-12,31,74,10
-12,32,74,10
-12,33,74,10
-12,34,73,10
-12,35,73,10
-12,36,73,10
-12,37,73,10
-12,38,73,10
-11,-73,61,5
-11,-72,61,5
-11,-71,61,5
-11,-70,61,5
-11,-69,61,5
-11,-61,64,19
-11,-60,64,19
-11,-59,64,19
-11,-58,64,19
-11,-57,64,19
-11,-56,64,19
-11,-55,64,19
-11,-54,64,19
-11,-53,64,19
-11,-52,64,19
-11,-51,64,19
-11,-50,64,19
-11,-49,64,19
-11,-48,63,19
-11,-47,63,19
-11,-46,63,19
-11,-45,63,19
-11,-44,63,19
-11,-43,63,19
-11,-42,63,19
-11,-41,63,19
-11,-40,63,19
-11,-39,63,19
-11,-38,63,19
-11,-37,62,6
-11,-36,62,6
-11,-35,62,6
-11,-34,62,6
-11,-33,62,6
-11,-32,62,6
-11,-31,62,6
-11,-30,62,6
-11,-29,62,6
-11,-28,42,6
-11,-27,42,6
-11,-26,42,6
-11,-25,42,6
-11,-24,42,6
-11,-23,42,6
-11,-22,42,6
-11,-21,42,6
-11,-20,42,6
-11,-19,42,6
-11,-18,41,16
-11,-17,41,16
-11,-16,41,16
-11,-15,41,16
-11,-14,41,16
-11,-13,45,8
-11,-12,45,8
-11,-11,44,8
-11,-10,44,8
-11,-9,44,8
-11,-8,44,8
-11,-7,44,8
-11,-6,44,8
-11,-5,44,8
-11,-4,44,8
-11,-3,113,8
-11,-2,113,8
-11,-1,113,8
-11,0,113,8
-11,1,113,8
-11,2,113,8
-11,3,113,8
-11,4,46,8
-11,5,112,9
-11,6,112,9
-11,7,112,9
-11,8,112,9
-11,9,112,9
-11,10,112,9
-11,11,112,9
-11,12,114,9
-11,13,114,9
-11,14,115,9
-11,15,115,9
-11,16,115,9
-11,17,115,9
-11,18,115,9
-11,19,115,9
-11,20,115,9
-11,21,115,9
-11,22,117,9
-11,23,117,9
-11,24,117,9
-11,25,117,9
-11,26,74,10
-11,27,74,10
-11,28,74,10
-11,29,74,10
-11,30,74,10
-11,31,74,10
-11,32,73,10
-11,33,74,10
-11,34,73,10
-11,35,73,10
-11,36,73,10
-11,37,73,10
-11,38,73,10
-11,43,71,11
-11,44,71,11
-10,-73,61,5
-10,-72,61,5
-10,-71,61,5
-10,-70,61,5
-10,-69,61,5
-10,-68,64,19
-10,-67,64,19
-10,-66,64,19
-10,-65,64,19
-10,-64,64,19
-10,-63,64,19
-10,-62,64,19
-10,-61,64,19
-10,-60,64,19
-10,-59,64,19
-10,-58,64,19
-10,-57,64,19
-10,-56,64,19
-10,-55,64,19
-10,-54,64,19
-10,-53,64,19
-10,-52,64,19
-10,-51,64,19
-10,-50,64,19
-10,-49,64,19
-10,-48,58,5
-10,-47,63,19
-10,-46,63,19
-10,-45,63,19
-10,-44,63,19
-10,-43,63,19
-10,-42,63,19
-10,-41,63,19
-10,-40,63,19
-10,-39,62,6
-10,-38,63,19
-10,-37,62,6
-10,-36,62,6
-10,-35,62,6
-10,-34,62,6
-10,-33,62,6
-10,-32,62,6
-10,-31,62,6
-10,-30,62,6
-10,-29,62,6
-10,-28,42,6
-10,-27,42,6
-10,-26,42,6
-10,-25,42,6
-10,-24,39,18
-10,-23,39,18
-10,-22,39,18
-10,-21,39,18
-10,-20,39,18
-10,-19,38,15
-10,-18,41,16
-10,-17,41,16
-10,-16,41,16
-10,-15,41,16
-10,-14,41,16
-10,-13,41,16
-10,-12,43,16
-10,-11,44,8
-10,-10,44,8
-10,-9,44,8
-10,-8,44,8
-10,-7,44,8
-10,-6,44,8
-10,-5,44,8
-10,-4,44,8
-10,-3,113,8
-10,-2,113,8
-10,-1,113,8
-10,0,113,8
-10,1,113,8
-10,2,113,8
-10,3,113,8
-10,4,112,9
-10,5,112,9
-10,6,112,9
-10,7,112,9
-10,8,112,9
-10,9,112,9
-10,10,112,9
-10,11,114,9
-10,12,114,9
-10,13,114,9
-10,14,115,9
-10,15,115,9
-10,16,115,9
-10,17,115,9
-10,18,115,9
-10,19,115,9
-10,20,115,9
-10,21,117,9
-10,22,117,9
-10,23,117,9
-10,24,117,9
-10,25,74,10
-10,26,74,10
-10,27,74,10
-10,28,73,10
-10,29,74,10
-10,30,74,10
-10,31,73,10
-10,32,73,10
-10,33,73,10
-10,34,73,10
-10,35,73,10
-10,36,73,10
-10,37,73,10
-10,41,72,10
-10,42,71,11
-10,43,71,11
-10,44,71,11
-10,45,71,11
-9,-73,61,5
-9,-72,61,5
-9,-71,61,5
-9,-70,61,5
-9,-69,61,5
-9,-68,61,5
-9,-67,64,19
-9,-66,64,19
-9,-65,64,19
-9,-64,64,19
-9,-63,64,19
-9,-62,64,19
-9,-61,64,19
-9,-60,64,19
-9,-59,64,19
-9,-58,64,19
-9,-57,58,5
-9,-56,58,5
-9,-55,58,5
-9,-54,58,5
-9,-53,58,5
-9,-52,58,5
-9,-51,64,19
-9,-50,64,19
-9,-49,58,5
-9,-48,57,5
-9,-47,63,19
-9,-46,63,19
-9,-45,63,19
-9,-44,63,19
-9,-43,63,19
-9,-42,63,19
-9,-41,63,19
-9,-40,63,19
-9,-39,62,6
-9,-38,62,6
-9,-37,62,6
-9,-36,62,6
-9,-35,62,6
-9,-34,62,6
-9,-33,62,6
-9,-32,62,6
-9,-31,62,6
-9,-30,54,18
-9,-29,42,6
-9,-28,42,6
-9,-27,39,18
-9,-26,39,18
-9,-25,39,18
-9,-24,39,18
-9,-23,39,18
-9,-22,39,18
-9,-21,39,18
-9,-20,38,15
-9,-19,38,15
-9,-18,41,16
-9,-17,41,16
-9,-16,41,16
-9,-15,41,16
-9,-14,41,16
-9,-13,40,16
-9,-12,40,16
-9,-11,43,16
-9,-10,43,16
-9,-9,43,16
-9,-8,43,16
-9,-7,44,8
-9,-6,44,8
-9,-5,44,8
-9,-4,44,8
-9,-3,113,8
-9,-2,113,8
-9,-1,113,8
-9,0,113,8
-9,1,113,8
-9,2,113,8
-9,3,113,8
-9,4,112,9
-9,5,112,9
-9,6,112,9
-9,7,112,9
-9,8,112,9
-9,9,112,9
-9,10,114,9
-9,11,114,9
-9,12,114,9
-9,13,114,9
-9,14,114,9
-9,15,115,9
-9,16,115,9
-9,17,115,9
-9,18,115,9
-9,19,115,9
-9,20,117,9
-9,21,117,9
-9,22,117,9
-9,23,117,9
-9,24,117,9
-9,25,74,10
-9,26,74,10
-9,27,74,10
-9,28,73,10
-9,29,73,10
-9,30,73,10
-9,31,73,10
-9,32,73,10
-9,33,73,10
-9,34,73,10
-9,35,73,10
-9,36,73,10
-9,37,73,10
-9,38,72,10
-9,39,72,10
-9,40,72,10
-9,41,72,10
-9,42,72,10
-9,43,71,11
-9,44,71,11
-9,45,71,11
-9,47,71,11
-8,-73,61,5
-8,-72,61,5
-8,-71,61,5
-8,-70,61,5
-8,-69,61,5
-8,-68,61,5
-8,-67,61,5
-8,-66,64,19
-8,-65,64,19
-8,-64,64,19
-8,-63,64,19
-8,-62,64,19
-8,-61,64,19
-8,-60,64,19
-8,-59,64,19
-8,-58,58,5
-8,-57,58,5
-8,-56,58,5
-8,-55,58,5
-8,-54,58,5
-8,-53,58,5
-8,-52,58,5
-8,-51,58,5
-8,-50,58,5
-8,-49,57,5
-8,-48,57,5
-8,-47,57,5
-8,-46,63,19
-8,-45,63,19
-8,-44,56,5
-8,-43,56,5
-8,-42,56,5
-8,-41,56,5
-8,-40,56,5
-8,-39,62,6
-8,-38,62,6
-8,-37,62,6
-8,-36,62,6
-8,-35,62,6
-8,-34,62,6
-8,-33,54,18
-8,-32,54,18
-8,-31,54,18
-8,-30,54,18
-8,-29,53,18
-8,-28,53,18
-8,-27,53,18
-8,-26,39,18
-8,-25,39,18
-8,-24,39,18
-8,-23,39,18
-8,-22,39,18
-8,-21,39,18
-8,-20,38,15
-8,-19,38,15
-8,-18,41,16
-8,-17,41,16
-8,-16,41,16
-8,-15,41,16
-8,-14,40,16
-8,-13,40,16
-8,-12,40,16
-8,-11,43,16
-8,-10,43,16
-8,-9,43,16
-8,-8,43,16
-8,-7,43,16
-8,-6,43,16
-8,-5,44,8
-8,-4,44,8
-8,-3,113,8
-8,-2,113,8
-8,-1,113,8
-8,0,113,8
-8,1,113,8
-8,2,112,9
-8,3,112,9
-8,4,112,9
-8,5,112,9
-8,6,112,9
-8,7,112,9
-8,8,112,9
-8,9,114,9
-8,10,114,9
-8,11,114,9
-8,12,114,9
-8,13,114,9
-8,14,114,9
-8,15,114,9
-8,16,115,9
-8,17,115,9
-8,18,115,9
-8,19,115,9
-8,20,117,9
-8,21,117,9
-8,22,117,9
-8,23,117,9
-8,24,116,10
-8,25,74,10
-8,26,74,10
-8,27,74,10
-8,28,73,10
-8,29,73,10
-8,30,73,10
-8,31,73,10
-8,32,73,10
-8,33,73,10
-8,34,73,10
-8,35,73,10
-8,36,73,10
-8,37,72,10
-8,38,72,10
-8,39,72,10
-8,40,72,10
-8,41,72,10
-8,42,72,10
-8,43,71,11
-8,44,71,11
-8,45,71,11
-8,46,71,11
-8,48,71,11
-7,-73,61,5
-7,-72,61,5
-7,-71,61,5
-7,-70,61,5
-7,-69,61,5
-7,-68,61,5
-7,-67,61,5
-7,-66,61,5
-7,-65,61,5
-7,-64,61,5
-7,-63,61,5
-7,-62,64,19
-7,-61,58,5
-7,-60,58,5
-7,-59,58,5
-7,-58,58,5
-7,-57,58,5
-7,-56,58,5
-7,-55,58,5
-7,-54,58,5
-7,-53,57,5
-7,-52,57,5
-7,-51,57,5
-7,-50,57,5
-7,-49,57,5
-7,-48,57,5
-7,-47,57,5
-7,-46,56,5
-7,-45,56,5
-7,-44,56,5
-7,-43,56,5
-7,-42,56,5
-7,-41,56,5
-7,-40,56,5
-7,-39,62,6
-7,-38,54,18
-7,-37,54,18
-7,-36,54,18
-7,-35,54,18
-7,-34,54,18
-7,-33,54,18
-7,-32,54,18
-7,-31,54,18
-7,-30,54,18
-7,-29,53,18
-7,-28,53,18
-7,-27,53,18
-7,-26,39,18
-7,-25,39,18
-7,-24,39,18
-7,-23,39,18
-7,-22,39,18
-7,-21,39,18
-7,-20,38,15
-7,-19,38,15
-7,-18,41,16
-7,-17,41,16
-7,-16,41,16
-7,-15,40,16
-7,-14,40,16
-7,-13,40,16
-7,-12,40,16
-7,-11,40,16
-7,-10,43,16
-7,-9,43,16
-7,-8,43,16
-7,-7,43,16
-7,-6,43,16
-7,-5,43,16
-7,-4,43,16
-7,-3,111,16
-7,-2,113,8
-7,-1,113,8
-7,0,113,8
-7,1,112,9
-7,2,112,9
-7,3,112,9
-7,4,112,9
-7,5,112,9
-7,6,112,9
-7,7,112,9
-7,8,114,9
-7,9,114,9
-7,10,114,9
-7,11,114,9
-7,12,114,9
-7,13,114,9
-7,14,114,9
-7,15,114,9
-7,16,114,9
-7,17,115,9
-7,18,115,9
-7,19,116,10
-7,20,116,10
-7,21,117,9
-7,22,117,9
-7,23,116,10
-7,24,116,10
-7,25,73,10
-7,26,73,10
-7,27,73,10
-7,28,73,10
-7,29,73,10
-7,30,73,10
-7,31,73,10
-7,32,73,10
-7,33,73,10
-7,34,73,10
-7,35,73,10
-7,36,72,10
-7,37,72,10
-7,38,72,10
-7,39,72,10
-7,40,72,10
-7,41,72,10
-7,42,72,10
-7,43,71,11
-7,44,71,11
-7,45,71,11
-7,46,71,11
-7,47,71,11
-7,48,71,11
-7,51,71,11
-6,-73,61,5
-6,-72,61,5
-6,-71,61,5
-6,-70,61,5
-6,-69,61,5
-6,-68,61,5
-6,-67,61,5
-6,-66,61,5
-6,-65,61,5
-6,-64,61,5
-6,-63,58,5
-6,-62,58,5
-6,-61,58,5
-6,-60,58,5
-6,-59,58,5
-6,-58,58,5
-6,-57,58,5
-6,-56,58,5
-6,-55,58,5
-6,-54,58,5
-6,-53,57,5
-6,-52,57,5
-6,-51,57,5
-6,-50,57,5
-6,-49,57,5
-6,-48,57,5
-6,-47,57,5
-6,-46,56,5
-6,-45,56,5
-6,-44,56,5
-6,-43,56,5
-6,-42,56,5
-6,-41,56,5
-6,-40,55,18
-6,-39,54,18
-6,-38,54,18
-6,-37,54,18
-6,-36,54,18
-6,-35,54,18
-6,-34,54,18
-6,-33,54,18
-6,-32,54,18
-6,-31,54,18
-6,-30,53,18
-6,-29,53,18
-6,-28,53,18
-6,-27,53,18
-6,-26,39,18
-6,-25,39,18
-6,-24,39,18
-6,-23,39,18
-6,-22,39,18
-6,-21,39,18
-6,-20,38,15
-6,-19,38,15
-6,-18,41,16
-6,-17,41,16
-6,-16,41,16
-6,-15,40,16
-6,-14,40,16
-6,-13,40,16
-6,-12,40,16
-6,-11,40,16
-6,-10,43,16
-6,-9,43,16
-6,-8,43,16
-6,-7,43,16
-6,-6,43,16
-6,-5,43,16
-6,-4,111,16
-6,-3,111,16
-6,-2,111,16
-6,-1,111,16
-6,0,112,9
-6,1,112,9
-6,2,112,9
-6,3,112,9
-6,4,112,9
-6,5,112,9
-6,6,112,9
-6,7,110,9
-6,8,110,9
-6,9,114,9
-6,10,114,9
-6,11,114,9
-6,12,114,9
-6,13,114,9
-6,14,114,9
-6,15,115,9
-6,16,115,9
-6,17,116,10
-6,18,116,10
-6,19,116,10
-6,20,116,10
-6,21,116,10
-6,22,116,10
-6,23,116,10
-6,24,116,10
-6,25,73,10
-6,26,73,10
-6,27,73,10
-6,28,73,10
-6,29,73,10
-6,30,73,10
-6,31,73,10
-6,32,73,10
-6,33,73,10
-6,34,72,10
-6,35,72,10
-6,36,72,10
-6,37,72,10
-6,38,72,10
-6,39,72,10
-6,40,72,10
-6,41,72,10
-6,42,71,11
-6,43,71,11
-6,44,71,11
-6,45,71,11
-6,46,71,11
-6,47,71,11
-6,48,71,11
-6,49,71,11
-6,50,71,11
-6,51,71,11
-5,-73,61,5
-5,-72,61,5
-5,-71,61,5
-5,-70,61,5
-5,-69,61,5
-5,-68,61,5
-5,-67,61,5
-5,-66,61,5
-5,-65,61,5
-5,-64,61,5
-5,-63,58,5
-5,-62,58,5
-5,-61,58,5
-5,-60,58,5
-5,-59,58,5
-5,-58,58,5
-5,-57,58,5
-5,-56,58,5
-5,-55,58,5
-5,-54,57,5
-5,-53,57,5
-5,-52,57,5
-5,-51,57,5
-5,-50,57,5
-5,-49,57,5
-5,-48,57,5
-5,-47,57,5
-5,-46,56,5
-5,-45,56,5
-5,-44,56,5
-5,-43,56,5
-5,-42,56,5
-5,-41,55,18
-5,-40,55,18
-5,-39,54,18
-5,-38,54,18
-5,-37,54,18
-5,-36,54,18
-5,-35,54,18
-5,-34,54,18
-5,-33,54,18
-5,-32,54,18
-5,-31,54,18
-5,-30,53,18
-5,-29,53,18
-5,-28,53,18
-5,-27,53,18
-5,-26,39,18
-5,-25,39,18
-5,-24,39,18
-5,-23,39,18
-5,-22,39,18
-5,-21,38,15
-5,-20,38,15
-5,-19,38,15
-5,-18,41,16
-5,-17,41,16
-5,-16,40,16
-5,-15,40,16
-5,-14,40,16
-5,-13,40,16
-5,-12,40,16
-5,-11,40,16
-5,-10,43,16
-5,-9,43,16
-5,-8,43,16
-5,-7,43,16
-5,-6,43,16
-5,-5,43,16
-5,-4,111,16
-5,-3,111,16
-5,-2,111,16
-5,-1,111,16
-5,0,111,16
-5,1,112,9
-5,2,112,9
-5,3,112,9
-5,4,112,9
-5,5,112,9
-5,6,110,9
-5,7,110,9
-5,8,110,9
-5,9,110,9
-5,10,114,9
-5,11,114,9
-5,12,114,9
-5,13,114,9
-5,14,115,9
-5,15,115,9
-5,16,116,10
-5,17,116,10
-5,18,116,10
-5,19,116,10
-5,20,116,10
-5,21,116,10
-5,22,116,10
-5,23,116,10
-5,24,30,10
-5,25,73,10
-5,26,73,10
-5,27,73,10
-5,28,73,10
-5,29,73,10
-5,30,73,10
-5,31,73,10
-5,32,73,10
-5,33,72,10
-5,34,72,10
-5,35,72,10
-5,36,72,10
-5,37,72,10
-5,38,72,10
-5,39,72,10
-5,40,72,10
-5,41,71,11
-5,42,71,11
-5,43,71,11
-5,44,71,11
-5,45,71,11
-5,46,71,11
-5,47,71,11
-5,48,71,11
-5,49,71,11
-5,50,71,11
-5,51,71,11
-5,52,71,11
-4,-71,61,5
-4,-70,61,5
-4,-69,61,5
-4,-68,61,5
-4,-67,61,5
-4,-66,61,5
-4,-65,61,5
-4,-64,61,5
-4,-63,58,5
-4,-62,58,5
-4,-61,58,5
-4,-60,58,5
-4,-59,58,5
-4,-58,58,5
-4,-57,58,5
-4,-56,58,5
-4,-55,57,5
-4,-54,57,5
-4,-53,57,5
-4,-52,57,5
-4,-51,57,5
-4,-50,57,5
-4,-49,57,5
-4,-48,57,5
-4,-47,57,5
-4,-46,56,5
-4,-45,56,5
-4,-44,56,5
-4,-43,56,5
-4,-42,56,5
-4,-41,55,18
-4,-40,55,18
-4,-39,55,18
-4,-38,55,18
-4,-37,54,18
-4,-36,54,18
-4,-35,54,18
-4,-34,54,18
-4,-33,54,18
-4,-32,54,18
-4,-31,54,18
-4,-30,53,18
-4,-29,53,18
-4,-28,53,18
-4,-27,53,18
-4,-26,36,18
-4,-25,39,18
-4,-24,39,18
-4,-23,39,18
-4,-22,39,18
-4,-21,38,15
-4,-20,38,15
-4,-19,38,15
-4,-18,41,16
-4,-17,40,16
-4,-16,40,16
-4,-15,40,16
-4,-14,40,16
-4,-13,40,16
-4,-12,40,16
-4,-11,40,16
-4,-10,40,16
-4,-9,43,16
-4,-8,43,16
-4,-7,43,16
-4,-6,43,16
-4,-5,43,16
-4,-4,111,16
-4,-3,111,16
-4,-2,111,16
-4,-1,111,16
-4,0,111,16
-4,1,111,16
-4,2,112,9
-4,3,112,9
-4,4,112,9
-4,5,110,9
-4,6,110,9
-4,7,110,9
-4,8,110,9
-4,9,110,9
-4,10,110,9
-4,11,114,9
-4,12,114,9
-4,13,115,9
-4,14,116,10
-4,15,116,10
-4,16,116,10
-4,17,31,10
-4,18,31,10
-4,19,31,10
-4,20,116,10
-4,21,116,10
-4,22,116,10
-4,23,30,10
-4,24,30,10
-4,25,30,10
-4,26,30,10
-4,27,73,10
-4,28,73,10
-4,29,73,10
-4,30,73,10
-4,31,72,10
-4,32,72,10
-4,33,72,10
-4,34,72,10
-4,35,72,10
-4,36,72,10
-4,37,72,10
-4,38,72,10
-4,39,72,10
-4,40,71,11
-4,41,71,11
-4,42,71,11
-4,43,71,11
-4,44,71,11
-4,45,71,11
-4,46,71,11
-4,47,71,11
-4,48,71,11
-4,49,71,11
-4,50,71,11
-4,51,71,11
-4,52,71,11
-3,-71,61,5
-3,-70,61,5
-3,-69,61,5
-3,-68,61,5
-3,-67,61,5
-3,-66,61,5
-3,-65,61,5
-3,-64,61,5
-3,-63,61,5
-3,-62,58,5
-3,-61,58,5
-3,-60,58,5
-3,-59,58,5
-3,-58,58,5
-3,-57,58,5
-3,-56,58,5
-3,-55,57,5
-3,-54,57,5
-3,-53,57,5
-3,-52,57,5
-3,-51,57,5
-3,-50,57,5
-3,-49,57,5
-3,-48,57,5
-3,-47,57,5
-3,-46,57,5
-3,-45,56,5
-3,-44,56,5
-3,-43,56,5
-3,-42,56,5
-3,-41,56,5
-3,-40,55,18
-3,-39,55,18
-3,-38,55,18
-3,-37,55,18
-3,-36,54,18
-3,-35,54,18
-3,-34,54,18
-3,-33,54,18
-3,-32,54,18
-3,-31,53,18
-3,-30,53,18
-3,-29,53,18
-3,-28,53,18
-3,-27,53,18
-3,-26,36,18
-3,-25,39,18
-3,-24,39,18
-3,-23,39,18
-3,-22,39,18
-3,-21,39,18
-3,-20,38,15
-3,-19,38,15
-3,-18,38,15
-3,-17,40,16
-3,-16,40,16
-3,-15,40,16
-3,-14,40,16
-3,-13,40,16
-3,-12,40,16
-3,-11,40,16
-3,-10,40,16
-3,-9,43,16
-3,-8,43,16
-3,-7,43,16
-3,-6,43,16
-3,-5,43,16
-3,-4,111,16
-3,-3,111,16
-3,-2,111,16
-3,-1,111,16
-3,0,111,16
-3,1,111,16
-3,2,111,16
-3,3,112,9
-3,4,110,9
-3,5,110,9
-3,6,110,9
-3,7,110,9
-3,8,110,9
-3,9,110,9
-3,10,110,9
-3,11,110,9
-3,12,31,10
-3,13,31,10
-3,14,31,10
-3,15,31,10
-3,16,31,10
-3,17,31,10
-3,18,31,10
-3,19,31,10
-3,20,31,10
-3,21,116,10
-3,22,116,10
-3,23,30,10
-3,24,30,10
-3,25,30,10
-3,26,30,10
-3,27,30,10
-3,28,30,10
-3,29,73,10
-3,30,72,10
-3,31,72,10
-3,32,72,10
-3,33,72,10
-3,34,72,10
-3,35,72,10
-3,36,72,10
-3,37,72,10
-3,38,72,10
-3,39,71,11
-3,40,71,11
-3,41,71,11
-3,42,71,11
-3,43,71,11
-3,44,71,11
-3,45,71,11
-3,46,71,11
-3,47,71,11
-3,48,71,11
-3,49,71,11
-3,50,71,11
-3,51,71,11
-2,-70,61,5
-2,-69,61,5
-2,-68,61,5
-2,-67,61,5
-2,-66,61,5
-2,-65,61,5
-2,-64,61,5
-2,-63,61,5
-2,-62,59,5
-2,-61,58,5
-2,-60,58,5
-2,-59,58,5
-2,-58,58,5
-2,-57,58,5
-2,-56,58,5
-2,-55,57,5
-2,-54,57,5
-2,-53,57,5
-2,-52,57,5
-2,-51,57,5
-2,-50,57,5
-2,-49,57,5
-2,-48,57,5
-2,-47,57,5
-2,-46,56,5
-2,-45,60,5
-2,-44,56,5
-2,-43,56,5
-2,-42,60,5
-2,-41,55,18
-2,-40,55,18
-2,-39,55,18
-2,-38,55,18
-2,-37,55,18
-2,-36,54,18
-2,-35,54,18
-2,-34,54,18
-2,-33,54,18
-2,-32,54,18
-2,-31,53,18
-2,-30,53,18
-2,-29,36,18
-2,-28,36,18
-2,-27,36,18
-2,-26,36,18
-2,-25,39,18
-2,-24,39,18
-2,-23,39,18
-2,-22,39,18
-2,-21,39,18
-2,-20,38,15
-2,-19,38,15
-2,-18,38,15
-2,-17,40,16
-2,-16,40,16
-2,-15,40,16
-2,-14,40,16
-2,-13,40,16
-2,-12,40,16
-2,-11,40,16
-2,-10,40,16
-2,-9,40,16
-2,-8,43,16
-2,-7,43,16
-2,-6,43,16
-2,-5,43,16
-2,-4,111,16
-2,-3,111,16
-2,-2,111,16
-2,-1,111,16
-2,0,111,16
-2,1,111,16
-2,2,111,16
-2,3,109,13
-2,4,110,9
-2,5,110,9
-2,6,110,9
-2,7,110,9
-2,8,110,9
-2,9,110,9
-2,10,110,9
-2,11,31,10
-2,12,31,10
-2,13,31,10
-2,14,31,10
-2,15,31,10
-2,16,31,10
-2,17,31,10
-2,18,31,10
-2,19,31,10
-2,20,31,10
-2,21,31,10
-2,22,30,10
-2,23,30,10
-2,24,30,10
-2,25,30,10
-2,26,30,10
-2,27,30,10
-2,28,30,10
-2,29,30,10
-2,30,72,10
-2,31,72,10
-2,32,72,10
-2,33,72,10
-2,34,72,10
-2,35,72,10
-2,36,72,10
-2,37,72,10
-2,38,71,11
-2,39,71,11
-2,40,71,11
-2,41,71,11
-2,42,71,11
-2,43,71,11
-2,44,71,11
-2,45,71,11
-2,46,71,11
-2,47,71,11
-2,48,71,11
-2,49,71,11
-2,50,71,11
-2,51,71,11
-1,-68,61,5
-1,-67,61,5
-1,-66,61,5
-1,-65,61,5
-1,-64,61,5
-1,-63,59,5
-1,-62,59,5
-1,-61,59,5
-1,-60,59,5
-1,-59,59,5
-1,-58,58,5
-1,-57,58,5
-1,-56,58,5
-1,-55,57,5
-1,-54,57,5
-1,-53,57,5
-1,-52,57,5
-1,-51,57,5
-1,-50,60,5
-1,-49,60,5
-1,-48,60,5
-1,-47,60,5
-1,-46,60,5
-1,-45,56,5
-1,-44,56,5
-1,-43,60,5
-1,-42,60,5
-1,-41,55,18
-1,-40,55,18
-1,-39,55,18
-1,-38,55,18
-1,-37,55,18
-1,-36,55,18
-1,-35,54,18
-1,-34,54,18
-1,-33,54,18
-1,-32,54,18
-1,-31,53,18
-1,-30,36,18
-1,-29,36,18
-1,-28,36,18
-1,-27,36,18
-1,-26,36,18
-1,-25,36,18
-1,-24,39,18
-1,-23,39,18
-1,-22,39,18
-1,-21,38,15
-1,-20,38,15
-1,-19,38,15
-1,-18,38,15
-1,-17,38,15
-1,-16,40,16
-1,-15,40,16
-1,-14,40,16
-1,-13,40,16
-1,-12,40,16
-1,-11,40,16
-1,-10,40,16
-1,-9,40,16
-1,-8,43,16
-1,-7,43,16
-1,-6,43,16
-1,-5,43,16
-1,-4,111,16
-1,-3,111,16
-1,-2,111,16
-1,-1,111,16
-1,0,111,16
-1,1,111,16
-1,2,109,13
-1,3,109,13
-1,4,109,13
-1,5,110,9
-1,6,110,9
-1,7,110,9
-1,8,110,9
-1,9,105,10
-1,10,105,10
-1,11,105,10
-1,12,31,10
-1,13,31,10
-1,14,31,10
-1,15,31,10
-1,16,31,10
-1,17,31,10
-1,18,31,10
-1,19,31,10
-1,20,31,10
-1,21,30,10
-1,22,30,10
-1,23,30,10
-1,24,30,10
-1,25,30,10
-1,26,30,10
-1,27,30,10
-1,28,30,10
-1,29,29,10
-1,30,29,10
-1,31,29,10
-1,32,29,10
-1,33,72,10
-1,34,72,10
-1,35,72,10
-1,36,72,10
-1,37,72,10
-1,38,71,11
-1,39,71,11
-1,40,71,11
-1,41,71,11
-1,42,71,11
-1,43,71,11
-1,44,71,11
-1,45,71,11
-1,46,71,11
-1,47,71,11
-1,48,71,11
-1,49,71,11
-1,50,71,11
-1,51,71,11
-1,52,71,11
0,-68,61,5
0,-67,61,5
0,-66,61,5
0,-65,61,5
0,-64,61,5
0,-63,59,5
0,-62,59,5
0,-61,59,5
0,-60,59,5
0,-59,59,5
0,-58,59,5
0,-57,59,5
0,-56,58,5
0,-55,57,5
0,-54,57,5
0,-53,60,5
0,-52,57,5
0,-51,57,5
0,-50,60,5
0,-49,60,5
0,-48,60,5
0,-47,60,5
0,-46,60,5
0,-45,56,5
0,-44,56,5
0,-43,60,5
0,-42,55,18
0,-41,55,18
0,-40,55,18
0,-39,55,18
0,-38,55,18
0,-37,60,5
0,-36,60,5
0,-35,60,5
0,-34,60,5
0,-33,60,5
0,-32,50,4
0,-31,36,18
0,-30,36,18
0,-29,36,18
0,-28,36,18
0,-27,36,18
0,-26,36,18
0,-25,36,18
0,-24,39,18
0,-23,39,18
0,-22,38,15
0,-21,38,15
0,-20,38,15
0,-19,38,15
0,-18,38,15
0,-17,37,14
0,-16,40,16
0,-15,40,16
0,-14,40,16
0,-13,40,16
0,-12,40,16
0,-11,40,16
0,-10,108,16
0,-9,108,16
0,-8,108,16
0,-7,108,16
0,-6,108,16
0,-5,108,16
0,-4,111,16
0,-3,111,16
0,-2,111,16
0,-1,111,16
0,0,111,16
0,1,109,13
0,2,109,13
0,3,109,13
0,4,109,13
0,5,109,13
0,6,110,9
0,7,110,9
0,8,105,10
0,9,105,10
0,10,105,10
0,11,105,10
0,12,105,10
0,13,31,10
0,14,31,10
0,15,31,10
0,16,31,10
0,17,31,10
0,18,31,10
0,19,31,10
0,20,30,10
0,21,30,10
0,22,30,10
0,23,30,10
0,24,30,10
0,25,30,10
0,26,30,10
0,27,30,10
0,28,29,10
0,29,29,10
0,30,29,10
0,31,29,10
0,32,29,10
0,33,29,10
0,34,29,10
0,35,72,10
0,36,72,10
0,37,71,11
0,38,71,11
0,39,71,11
0,40,71,11
0,41,71,11
0,42,28,11
0,43,28,11
0,44,28,11
0,45,28,11
0,46,28,11
0,47,28,11
0,48,27,11
0,49,27,11
0,50,71,11
0,51,71,11
0,52,71,11
1,-67,61,5
1,-66,61,5
1,-65,61,5
1,-64,59,5
1,-63,59,5
1,-62,59,5
1,-61,59,5
1,-60,59,5
1,-59,59,5
1,-58,59,5
1,-57,59,5
1,-56,57,5
1,-55,57,5
1,-54,57,5
1,-53,57,5
1,-52,60,5
1,-51,60,5
1,-50,60,5
1,-49,60,5
1,-48,60,5
1,-47,60,5
1,-46,60,5
1,-45,60,5
1,-44,60,5
1,-43,60,5
1,-42,55,18
1,-41,55,18
1,-40,60,5
1,-39,60,5
1,-38,50,4
1,-37,50,4
1,-36,50,4
1,-35,60,5
1,-34,50,4
1,-33,50,4
1,-32,34,4
1,-31,34,4
1,-30,36,18
1,-29,36,18
1,-28,36,18
1,-27,36,18
1,-26,36,18
1,-25,36,18
1,-24,35,15
1,-23,38,15
1,-22,38,15
1,-21,38,15
1,-20,38,15
1,-19,38,15
1,-18,37,14
1,-17,37,14
1,-16,37,14
1,-15,40,16
1,-14,40,16
1,-13,40,16
1,-12,40,16
1,-11,108,16
1,-10,108,16
1,-9,108,16
1,-8,108,16
1,-7,108,16
1,-6,108,16
1,-5,108,16
1,-4,111,16
1,-3,111,16
1,-2,111,16
1,-1,111,16
1,0,109,13
1,1,109,13
1,2,109,13
1,3,109,13
1,4,109,13
1,5,109,13
1,6,104,13
1,7,104,13
1,8,105,10
1,9,105,10
1,10,105,10
1,11,105,10
1,12,105,10
1,13,105,10
1,14,31,10
1,15,26,10
1,16,26,10
1,17,31,10
1,18,31,10
1,19,31,10
1,20,30,10
1,21,30,10
1,22,30,10
1,23,30,10
1,24,30,10
1,25,30,10
1,26,30,10
1,27,30,10
1,28,29,10
1,29,29,10
1,30,29,10
1,31,29,10
1,32,29,10
1,33,29,10
1,34,29,10
1,35,29,10
1,36,28,11
1,37,28,11
1,38,28,11
1,39,28,11
1,40,28,11
1,41,28,11
1,42,28,11
1,43,28,11
1,44,28,11
1,45,28,11
1,46,28,11
1,47,27,11
1,48,27,11
1,49,27,11
1,50,27,11
1,51,27,11
1,52,27,11
2,-67,61,5
2,-66,61,5
2,-65,61,5
2,-64,59,5
2,-63,59,5
2,-62,59,5
2,-61,59,5
2,-60,59,5
2,-59,59,5
2,-58,59,5
2,-57,57,5
2,-56,57,5
2,-55,57,5
2,-54,57,5
2,-53,57,5
2,-52,60,5
2,-51,60,5
2,-50,60,5
2,-49,60,5
2,-48,60,5
2,-47,60,5
2,-46,60,5
2,-45,60,5
2,-44,60,5
2,-43,60,5
2,-42,60,5
2,-41,60,5
2,-40,60,5
2,-39,51,4
2,-38,50,4
2,-37,50,4
2,-36,50,4
2,-35,50,4
2,-34,50,4
2,-33,50,4
2,-32,34,4
2,-31,34,4
2,-30,34,4
2,-29,34,4
2,-28,36,18
2,-27,36,18
2,-26,36,18
2,-25,36,18
2,-24,35,15
2,-23,38,15
2,-22,38,15
2,-21,38,15
2,-20,38,15
2,-19,38,15
2,-18,37,14
2,-17,37,14
2,-16,37,14
2,-15,37,14
2,-14,40,16
2,-13,40,16
2,-12,108,16
2,-11,108,16
2,-10,108,16
2,-9,108,16
2,-8,108,16
2,-7,108,16
2,-6,108,16
2,-5,108,16
2,-4,111,16
2,-3,111,16
2,-2,111,16
2,-1,107,13
2,0,109,13
2,1,109,13
2,2,109,13
2,3,109,13
2,4,109,13
2,5,104,13
2,6,104,13
2,7,104,13
2,8,104,13
2,9,105,10
2,10,105,10
2,11,105,10
2,12,105,10
2,13,105,10
2,14,26,10
2,15,26,10
2,16,26,10
2,17,26,10
2,18,31,10
2,19,30,10
2,20,30,10
2,21,30,10
2,22,30,10
2,23,30,10
2,24,30,10
2,25,30,10
2,26,30,10
2,27,29,10
2,28,29,10
2,29,29,10
2,30,29,10
2,31,29,10
2,32,29,10
2,33,29,10
2,34,28,11
2,35,28,11
2,36,28,11
2,37,28,11
2,38,28,11
2,39,28,11
2,40,28,11
2,41,28,11
2,42,28,11
2,43,28,11
2,44,28,11
2,45,28,11
2,46,28,11
2,47,27,11
2,48,27,11
2,49,27,11
2,50,27,11
2,51,27,11
3,-68,61,5
3,-67,61,5
3,-66,61,5
3,-65,61,5
3,-64,59,5
3,-63,59,5
3,-62,61,5
3,-61,61,5
3,-60,61,5
3,-59,59,5
3,-58,57,5
3,-57,61,5
3,-56,61,5
3,-55,61,5
3,-54,57,5
3,-53,57,5
3,-52,60,5
3,-51,60,5
3,-50,60,5
3,-49,60,5
3,-48,60,5
3,-47,60,5
3,-46,60,5
3,-45,60,5
3,-44,60,5
3,-43,60,5
3,-42,60,5
3,-41,51,4
3,-40,51,4
3,-39,51,4
3,-38,50,4
3,-37,50,4
3,-36,50,4
3,-35,50,4
3,-34,50,4
3,-33,34,4
3,-32,34,4
3,-31,34,4
3,-30,34,4
3,-29,34,4
3,-28,34,4
3,-27,36,18
3,-26,36,18
3,-25,35,15
3,-24,35,15
3,-23,35,15
3,-22,38,15
3,-21,38,15
3,-20,38,15
3,-19,38,15
3,-18,37,14
3,-17,37,14
3,-16,37,14
3,-15,37,14
3,-14,37,14
3,-13,108,16
3,-12,108,16
3,-11,108,16
3,-10,108,16
3,-9,108,16
3,-8,108,16
3,-7,108,16
3,-6,108,16
3,-5,111,16
3,-4,111,16
3,-3,111,16
3,-2,107,13
3,-1,107,13
3,0,109,13
3,1,109,13
3,2,109,13
3,3,104,13
3,4,104,13
3,5,104,13
3,6,104,13
3,7,104,13
3,8,104,13
3,9,104,13
3,10,105,10
3,11,105,10
3,12,105,10
3,13,26,10
3,14,26,10
3,15,26,10
3,16,26,10
3,17,26,10
3,18,26,10
3,19,26,10
3,20,30,10
3,21,30,10
3,22,30,10
3,23,30,10
3,24,30,10
3,25,30,10
3,26,30,10
3,27,29,10
3,28,29,10
3,29,29,10
3,30,29,10
3,31,29,10
3,32,29,10
3,33,29,10
3,34,28,11
3,35,28,11
3,36,28,11
3,37,28,11
3,38,28,11
3,39,28,11
3,40,28,11
3,41,28,11
3,42,28,11
3,43,28,11
3,44,28,11
3,45,28,11
3,46,27,11
3,47,27,11
3,48,27,11
3,49,27,11
3,50,27,11
3,51,27,11
4,-68,61,5
4,-67,61,5
4,-64,61,5
4,-63,61,5
4,-62,61,5
4,-61,61,5
4,-60,61,5
4,-59,61,5
4,-58,57,5
4,-57,61,5
4,-56,61,5
4,-55,61,5
4,-54,57,5
4,-53,57,5
4,-52,60,5
4,-51,60,5
4,-50,60,5
4,-49,60,5
4,-48,60,5
4,-47,60,5
4,-46,60,5
4,-45,60,5
4,-44,51,4
4,-43,51,4
4,-42,51,4
4,-41,51,4
4,-40,51,4
4,-39,50,4
4,-38,50,4
4,-37,50,4
4,-36,50,4
4,-35,50,4
4,-34,34,4
4,-33,34,4
4,-32,34,4
4,-31,34,4
4,-30,34,4
4,-29,34,4
4,-28,34,4
4,-27,34,4
4,-26,35,15
4,-25,35,15
4,-24,35,15
4,-23,35,15
4,-22,38,15
4,-21,38,15
4,-20,38,15
4,-19,38,15
4,-18,37,14
4,-17,37,14
4,-16,37,14
4,-15,37,14
4,-14,102,14
4,-13,102,14
4,-12,102,14
4,-11,108,16
4,-10,108,16
4,-9,108,16
4,-8,108,16
4,-7,108,16
4,-6,108,16
4,-5,111,16
4,-4,111,16
4,-3,107,13
4,-2,107,13
4,-1,109,13
4,0,109,13
4,1,104,13
4,2,104,13
4,3,104,13
4,4,104,13
4,5,106,13
4,6,104,13
4,7,104,13
4,8,104,13
4,9,104,13
4,10,104,13
4,11,105,10
4,12,105,10
4,13,26,10
4,14,26,10
4,15,26,10
4,16,26,10
4,17,26,10
4,18,26,10
4,19,26,10
4,20,26,10
4,21,30,10
4,22,30,10
4,23,30,10
4,24,30,10
4,25,30,10
4,26,29,10
4,27,29,10
4,28,29,10
4,29,29,10
4,30,29,10
4,31,29,10
4,32,29,10
4,33,28,11
4,34,28,11
4,35,28,11
4,36,28,11
4,37,28,11
4,38,28,11
4,39,28,11
4,40,28,11
4,41,28,11
4,42,28,11
4,43,28,11
4,44,28,11
4,45,28,11
4,46,27,11
4,47,27,11
4,48,27,11
4,49,27,11
4,50,27,11
4,51,27,11
5,-61,61,5
5,-60,61,5
5,-59,61,5
5,-58,61,5
5,-57,52,5
5,-56,52,5
5,-55,52,5
5,-54,52,5
5,-53,52,5
5,-52,52,5
5,-51,51,4
5,-50,51,4
5,-49,51,4
5,-48,51,4
5,-47,51,4
5,-46,51,4
5,-45,51,4
5,-44,51,4
5,-43,51,4
5,-42,51,4
5,-41,51,4
5,-40,51,4
5,-39,50,4
5,-38,50,4
5,-37,50,4
5,-36,50,4
5,-35,34,4
5,-34,34,4
5,-33,34,4
5,-32,34,4
5,-31,34,4
5,-30,34,4
5,-29,34,4
5,-28,34,4
5,-27,33,4
5,-26,33,4
5,-25,35,15
5,-24,35,15
5,-23,35,15
5,-22,35,15
5,-21,38,15
5,-20,38,15
5,-19,37,14
5,-18,37,14
5,-17,37,14
5,-16,37,14
5,-15,102,14
5,-14,102,14
5,-13,102,14
5,-12,102,14
5,-11,102,14
5,-10,108,16
5,-9,108,16
5,-8,108,16
5,-7,108,16
5,-6,108,16
5,-5,111,16
5,-4,107,13
5,-3,107,13
5,-2,107,13
5,-1,107,13
5,0,104,13
5,1,104,13
5,2,104,13
5,3,104,13
5,4,106,13
5,5,106,13
5,6,104,13
5,7,104,13
5,8,104,13
5,9,104,13
5,10,104,13
5,11,104,13
5,12,103,12
5,13,26,10
5,14,26,10
5,15,26,10
5,16,26,10
5,17,26,10
5,18,26,10
5,19,26,10
5,20,26,10
5,21,26,10
5,22,30,10
5,23,30,10
5,24,30,10
5,25,29,10
5,26,29,10
5,27,29,10
5,28,29,10
5,29,29,10
5,30,29,10
5,31,25,11
5,32,25,11
5,33,28,11
5,34,28,11
5,35,28,11
5,36,28,11
5,37,28,11
5,38,28,11
5,39,28,11
5,40,28,11
5,41,28,11
5,42,28,11
5,43,28,11
5,44,28,11
5,45,27,11
5,46,27,11
5,47,27,11
5,48,27,11
5,49,27,11
5,50,27,11
6,-60,61,5
6,-59,61,5
6,-58,52,5
6,-57,52,5
6,-56,52,5
6,-55,52,5
6,-54,52,5
6,-53,52,5
6,-52,52,5
6,-51,51,4
6,-50,51,4
6,-49,51,4
6,-48,51,4
6,-47,51,4
6,-46,51,4
6,-45,51,4
6,-44,51,4
6,-43,51,4
6,-42,51,4
6,-41,51,4
6,-40,50,4
6,-39,50,4
6,-38,50,4
6,-37,50,4
6,-36,50,4
6,-35,32,4
6,-34,32,4
6,-33,34,4
6,-32,34,4
6,-31,34,4
6,-30,34,4
6,-29,34,4
6,-28,33,4
6,-27,33,4
6,-26,33,4
6,-25,33,4
6,-24,35,15
6,-23,35,15
6,-22,35,15
6,-21,35,15
6,-20,38,15
6,-19,37,14
6,-18,37,14
6,-17,37,14
6,-16,37,14
6,-15,102,14
6,-14,102,14
6,-13,102,14
6,-12,102,14
6,-11,102,14
6,-10,102,14
6,-9,108,16
6,-8,108,16
6,-7,108,16
6,-6,108,16
6,-5,107,13
6,-4,107,13
6,-3,107,13
6,-2,107,13
6,-1,104,13
6,0,104,13
6,1,104,13
6,2,106,13
6,3,106,13
6,4,106,13
6,5,106,13
6,6,106,13
6,7,104,13
6,8,104,13
6,9,104,13
6,10,103,12
6,11,103,12
6,12,103,12
6,13,103,12
6,14,26,10
6,15,26,10
6,16,26,10
6,17,26,10
6,18,26,10
6,19,26,10
6,20,26,10
6,21,26,10
6,22,26,10
6,23,26,10
6,24,30,10
6,25,29,10
6,26,29,10
6,27,29,10
6,28,29,10
6,29,29,10
6,30,25,11
6,31,25,11
6,32,25,11
6,33,25,11
6,34,28,11
6,35,28,11
6,36,28,11
6,37,28,11
6,38,28,11
6,39,28,11
6,40,28,11
6,41,28,11
6,42,28,11
6,43,28,11
6,44,27,11
6,45,27,11
6,46,27,11
6,47,27,11
6,48,27,11
6,49,27,11
6,50,27,11
6,51,27,11
7,-60,61,5
7,-59,52,5
7,-58,52,5
7,-57,52,5
7,-56,52,5
7,-55,52,5
7,-51,52,5
7,-50,51,4
7,-49,51,4
7,-48,51,4
7,-47,51,4
7,-46,51,4
7,-45,51,4
7,-44,51,4
7,-43,51,4
7,-42,51,4
7,-41,51,4
7,-40,50,4
7,-39,50,4
7,-38,32,4
7,-37,32,4
7,-36,32,4
7,-35,32,4
7,-34,32,4
7,-33,32,4
7,-32,32,4
7,-31,34,4
7,-30,34,4
7,-29,34,4
7,-28,33,4
7,-27,33,4
7,-26,33,4
7,-25,33,4
7,-24,33,4
7,-23,33,4
7,-22,35,15
7,-21,35,15
7,-20,35,15
7,-19,37,14
7,-18,37,14
7,-17,37,14
7,-16,102,14
7,-15,102,14
7,-14,102,14
7,-13,102,14
7,-12,102,14
7,-11,102,14
7,-10,102,14
7,-9,102,14
7,-8,108,16
7,-7,108,16
7,-6,108,16
7,-5,107,13
7,-4,107,13
7,-3,107,13
7,-2,107,13
7,-1,104,13
7,0,104,13
7,1,104,13
7,2,106,13
7,3,106,13
7,4,106,13
7,5,106,13
7,6,106,13
7,7,104,13
7,8,104,13
7,9,103,12
7,10,103,12
7,11,103,12
7,12,103,12
7,13,103,12
7,14,22,12
7,15,22,12
7,16,26,10
7,17,26,10
7,18,26,10
7,19,26,10
7,20,26,10
7,21,26,10
7,22,26,10
7,23,26,10
7,24,26,10
7,25,29,10
7,26,25,11
7,27,25,11
7,28,29,10
7,29,25,11
7,30,25,11
7,31,25,11
7,32,24,11
7,33,24,11
7,34,28,11
7,35,28,11
7,36,28,11
7,37,28,11
7,38,28,11
7,39,28,11
7,40,28,11
7,41,28,11
7,42,28,11
7,43,27,11
7,44,27,11
7,45,27,11
7,46,27,11
7,47,27,11
7,48,27,11
7,49,27,11
7,50,27,11
8,-61,61,5
8,-60,61,5
8,-59,52,5
8,-58,52,5
8,-55,52,5
8,-48,51,4
8,-47,51,4
8,-46,51,4
8,-45,51,4
8,-44,51,4
8,-43,51,4
8,-42,51,4
8,-41,50,4
8,-40,50,4
8,-39,50,4
8,-38,50,4
8,-37,32,4
8,-36,32,4
8,-35,32,4
8,-34,32,4
8,-33,32,4
8,-32,32,4
8,-31,32,4
8,-30,32,4
8,-29,33,4
8,-28,33,4
8,-27,33,4
8,-26,33,4
8,-25,33,4
8,-24,33,4
8,-23,33,4
8,-22,33,4
8,-21,35,15
8,-20,95,3
8,-19,95,3
8,-18,95,3
8,-17,102,14
8,-16,102,14
8,-15,102,14
8,-14,102,14
8,-13,102,14
8,-12,102,14
8,-11,102,14
8,-10,102,14
8,-9,102,14
8,-8,102,14
8,-7,108,16
8,-6,108,16
8,-5,107,13
8,-4,107,13
8,-3,107,13
8,-2,104,13
8,-1,104,13
8,0,104,13
8,1,104,13
8,2,104,13
8,3,106,13
8,4,106,13
8,5,106,13
8,6,106,13
8,7,106,13
8,8,103,12
8,9,103,12
8,10,103,12
8,11,103,12
8,12,103,12
8,13,22,12
8,14,22,12
8,15,22,12
8,16,22,12
8,17,26,10
8,18,26,10
8,19,26,10
8,20,26,10
8,21,26,10
8,22,26,10
8,23,26,10
8,24,26,10
8,25,25,11
8,26,25,11
8,27,25,11
8,28,25,11
8,29,25,11
8,30,25,11
8,31,25,11
8,32,24,11
8,33,24,11
8,34,28,11
8,35,28,11
8,36,28,11
8,37,28,11
8,38,28,11
8,39,28,11
8,40,28,11
8,41,28,11
8,42,28,11
8,43,27,11
8,44,27,11
8,45,27,11
8,46,27,11
8,47,27,11
8,48,27,11
8,49,27,11
8,50,27,11
9,-61,61,5
9,-60,61,5
9,-57,52,5
9,-55,52,5
9,-46,51,4
9,-45,51,4
9,-44,51,4
9,-43,50,4
9,-42,50,4
9,-41,50,4
9,-40,50,4
9,-39,50,4
9,-38,32,4
9,-37,32,4
9,-36,32,4
9,-35,32,4
9,-34,32,4
9,-33,32,4
9,-32,32,4
9,-31,32,4
9,-30,32,4
9,-29,32,4
9,-28,33,4
9,-27,33,4
9,-26,33,4
9,-25,33,4
9,-24,33,4
9,-23,33,4
9,-22,33,4
9,-21,95,3
9,-20,95,3
9,-19,95,3
9,-18,95,3
9,-17,93,3
9,-16,102,14
9,-15,102,14
9,-14,102,14
9,-13,102,14
9,-12,102,14
9,-11,102,14
9,-10,102,14
9,-9,102,14
9,-8,102,14
9,-7,102,14
9,-6,102,14
9,-5,107,13
9,-4,107,13
9,-3,107,13
9,-2,104,13
9,-1,104,13
9,0,104,13
9,1,104,13
9,2,104,13
9,3,106,13
9,4,106,13
9,5,106,13
9,6,106,13
9,7,103,12
9,8,103,12
9,9,103,12
9,10,103,12
9,11,22,12
9,12,22,12
9,13,22,12
9,14,22,12
9,15,22,12
9,16,22,12
9,17,22,12
9,18,26,10
9,19,26,10
9,20,26,10
9,21,26,10
9,22,26,10
9,23,26,10
9,24,25,11
9,25,25,11
9,26,25,11
9,27,25,11
9,28,25,11
9,29,24,11
9,30,25,11
9,31,24,11
9,32,24,11
9,33,24,11
9,34,24,11
9,35,28,11
9,36,28,11
9,37,28,11
9,38,28,11
9,39,24,11
9,40,24,11
9,41,28,11
9,42,27,11
9,43,27,11
9,44,27,11
9,45,27,11
9,46,27,11
9,47,27,11
9,48,27,11
9,49,27,11
9,50,27,11
10,-70,61,5
10,-57,52,5
10,-45,50,4
10,-44,50,4
10,-43,50,4
10,-42,50,4
10,-41,50,4
10,-40,50,4
10,-39,50,4
10,-38,32,4
10,-37,32,4
10,-35,32,4
10,-33,32,4
10,-32,32,4
10,-31,32,4
10,-30,32,4
10,-29,32,4
10,-28,33,4
10,-27,33,4
10,-26,33,4
10,-25,33,4
10,-24,33,4
10,-23,33,4
10,-22,95,3
10,-21,95,3
10,-20,95,3
10,-19,94,17
10,-18,93,3
10,-17,93,3
10,-16,93,3
10,-15,102,14
10,-14,102,14
10,-13,102,14
10,-12,102,14
10,-11,102,14
10,-10,102,14
10,-9,102,14
10,-8,102,14
10,-7,102,14
10,-6,102,14
10,-5,101,13
10,-4,107,13
10,-3,107,13
10,-2,104,13
10,-1,104,13
10,0,104,13
10,1,104,13
10,2,104,13
10,3,106,13
10,4,106,13
10,5,106,13
10,6,103,12
10,7,103,12
10,8,103,12
10,9,103,12
10,10,22,12
10,11,22,12
10,12,22,12
10,13,22,12
10,14,22,12
10,15,22,12
10,16,22,12
10,17,22,12
10,18,22,12
10,19,26,10
10,20,26,10
10,21,26,10
10,22,26,10
10,23,26,10
10,24,25,11
10,25,25,11
10,26,25,11
10,27,25,11
10,28,24,11
10,29,24,11
10,30,24,11
10,31,24,11
10,32,24,11
10,33,24,11
10,34,24,11
10,35,24,11
10,36,24,11
10,37,24,11
10,38,24,11
10,39,24,11
10,40,24,11
10,41,27,11
10,42,27,11
10,43,27,11
10,44,27,11
10,45,27,11
10,46,27,11
10,47,27,11
10,48,27,11
10,49,27,11
10,50,27,11
11,-44,50,4
11,-43,50,4
11,-42,50,4
11,-41,50,4
11,-40,50,4
11,-39,50,4
11,-38,32,4
11,-37,32,4
11,-33,32,4
11,-32,32,4
11,-31,32,4
11,-30,32,4
11,-29,32,4
11,-28,32,4
11,-27,33,4
11,-26,32,4
11,-25,32,4
11,-24,32,4
11,-23,95,3
11,-22,95,3
11,-21,95,3
11,-20,95,3
11,-19,94,17
11,-18,94,17
11,-17,94,17
11,-16,93,3
11,-15,93,3
11,-14,93,3
11,-13,102,14
11,-12,102,14
11,-11,102,14
11,-10,102,14
11,-9,102,14
11,-8,102,14
11,-7,102,14
11,-6,101,13
11,-5,101,13
11,-4,101,13
11,-3,101,13
11,-2,101,13
11,-1,100,13
11,0,100,13
11,1,100,13
11,2,100,13
11,3,100,13
11,4,100,13
11,5,106,13
11,6,103,12
11,7,103,12
11,8,103,12
11,9,22,12
11,10,22,12
11,11,22,12
11,12,22,12
11,13,22,12
11,14,22,12
11,15,22,12
11,16,22,12
11,17,22,12
11,18,22,12
11,19,21,12
11,20,26,10
11,21,25,11
11,22,25,11
11,23,25,11
11,24,25,11
11,25,25,11
11,26,25,11
11,27,25,11
11,28,24,11
11,29,24,11
11,30,24,11
11,31,24,11
11,32,24,11
11,33,24,11
11,34,24,11
11,35,24,11
11,36,24,11
11,37,24,11
11,38,24,11
11,39,24,11
11,40,24,11
11,41,27,11
11,42,27,11
11,43,27,11
11,44,27,11
11,45,27,11
11,46,27,11
11,47,27,11
11,48,27,11
11,49,27,11
11,50,27,11
12,-41,50,4
12,-40,50,4
12,-39,50,4
12,-38,50,4
12,-29,32,4
12,-28,32,4
12,-27,32,4
12,-26,32,4
12,-25,32,4
12,-24,96,3
12,-23,96,3
12,-22,96,3
12,-21,96,3
12,-20,94,17
12,-19,94,17
12,-18,94,17
12,-17,94,17
12,-16,94,17
12,-15,93,3
12,-14,93,3
12,-13,93,3
12,-12,102,14
12,-11,102,14
12,-10,102,14
12,-9,102,14
12,-8,102,14
12,-7,101,13
12,-6,101,13
12,-5,101,13
12,-4,101,13
12,-3,101,13
12,-2,101,13
12,-1,100,13
12,0,100,13
12,1,100,13
12,2,100,13
12,3,100,13
12,4,100,13
12,5,100,13
12,6,98,12
12,7,98,12
12,8,98,12
12,9,98,12
12,10,98,12
12,11,22,12
12,12,22,12
12,13,22,12
12,14,22,12
12,15,22,12
12,16,22,12
12,17,22,12
12,18,21,12
12,19,21,12
12,20,21,12
12,21,25,11
12,22,25,11
12,23,25,11
12,24,25,11
12,25,25,11
12,26,25,11
12,27,24,11
12,28,24,11
12,29,24,11
12,30,24,11
12,31,24,11
12,32,24,11
12,33,24,11
12,34,24,11
12,35,24,11
12,36,24,11
12,37,24,11
12,38,24,11
12,39,24,11
12,40,23,11
12,41,23,11
12,42,23,11
12,43,27,11
12,44,27,11
12,45,27,11
12,46,27,11
12,47,27,11
12,48,27,11
12,49,27,11
12,50,27,11
13,-31,32,4
13,-30,32,4
13,-29,32,4
13,-26,96,3
13,-25,96,3
13,-24,96,3
13,-23,96,3
13,-22,96,3
13,-21,96,3
13,-20,94,17
13,-19,94,17
13,-18,94,17
13,-17,94,17
13,-16,94,17
13,-15,93,3
13,-14,93,3
13,-13,93,3
13,-12,93,3
13,-11,93,3
13,-10,102,14
13,-9,101,13
13,-8,101,13
13,-7,101,13
13,-6,101,13
13,-5,101,13
13,-4,101,13
13,-3,101,13
13,-2,101,13
13,-1,101,13
13,0,100,13
13,1,100,13
13,2,100,13
13,3,100,13
13,4,100,13
13,5,100,13
13,6,98,12
13,7,98,12
13,8,98,12
13,9,98,12
13,10,98,12
13,11,98,12
13,12,98,12
13,13,22,12
13,14,22,12
13,15,22,12
13,16,22,12
13,17,21,12
13,18,21,12
13,19,21,12
13,20,21,12
13,21,25,11
13,22,25,11
13,23,25,11
13,24,25,11
13,25,25,11
13,26,25,11
13,27,24,11
13,28,24,11
13,29,24,11
13,30,24,11
13,31,24,11
13,32,24,11
13,33,24,11
13,34,24,11
13,35,24,11
13,36,24,11
13,37,24,11
13,38,24,11
13,39,24,11
13,40,23,11
13,41,23,11
13,42,23,11
13,43,23,11
13,44,23,11
13,45,23,11
13,46,23,11
13,47,23,11
13,48,23,11
13,49,27,11
13,50,27,11
13,51,23,11
14,-31,32,4
14,-30,32,4
14,-29,32,4
14,-26,96,3
14,-25,96,3
14,-24,96,3
14,-23,96,3
14,-22,96,3
14,-21,96,3
14,-20,94,17
14,-19,94,17
14,-18,94,17
14,-17,94,17
14,-16,94,17
14,-15,93,3
14,-14,93,3
14,-13,93,3
14,-12,93,3
14,-11,93,3
14,-10,91,3
14,-9,91,3
14,-8,101,13
14,-7,101,13
14,-6,101,13
14,-5,101,13
14,-4,101,13
14,-3,101,13
14,-2,101,13
14,-1,101,13
14,0,100,13
14,1,100,13
14,2,100,13
14,3,100,13
14,4,100,13
14,5,100,13
14,6,98,12
14,7,98,12
14,8,98,12
14,9,98,12
14,10,98,12
14,11,98,12
14,12,98,12
14,13,98,12
14,14,22,12
14,15,22,12
14,16,22,12
14,17,21,12
14,18,21,12
14,19,21,12
14,20,21,12
14,21,21,12
14,22,25,11
14,23,25,11
14,24,25,11
14,25,25,11
14,26,25,11
14,27,24,11
14,28,24,11
14,29,24,11
14,30,24,11
14,31,24,11
14,32,24,11
14,33,24,11
14,34,24,11
14,35,24,11
14,36,24,11
14,37,24,11
14,38,24,11
14,39,23,11
14,40,23,11
14,41,23,11
14,42,23,11
14,43,23,11
14,44,23,11
14,45,23,11
14,46,23,11
14,47,23,11
14,48,23,11
14,49,23,11
14,50,23,11
14,51,23,11
14,52,23,11
15,-31,32,4
15,-30,32,4
15,-24,96,3
15,-23,96,3
15,-22,96,3
15,-21,96,3
15,-20,94,17
15,-19,94,17
15,-18,94,17
15,-17,94,17
15,-16,94,17
15,-15,93,3
15,-14,93,3
15,-13,93,3
15,-12,93,3
15,-11,91,3
15,-10,91,3
15,-9,91,3
15,-8,91,3
15,-7,91,3
15,-6,91,3
15,-5,101,13
15,-4,101,13
15,-3,101,13
15,-2,101,13
15,-1,101,13
15,0,100,13
15,1,100,13
15,2,100,13
15,3,100,13
15,4,100,13
15,5,100,13
15,6,98,12
15,7,98,12
15,8,98,12
15,9,98,12
15,10,98,12
15,11,98,12
15,12,98,12
15,13,98,12
15,14,98,12
15,15,22,12
15,16,21,12
15,17,21,12
15,18,21,12
15,19,21,12
15,20,21,12
15,21,21,12
15,22,25,11
15,23,25,11
15,24,25,11
15,25,20,11
15,26,20,11
15,27,24,11
15,28,24,11
15,29,24,11
15,30,24,11
15,31,24,11
15,32,24,11
15,33,24,11
15,34,24,11
15,35,24,11
15,36,24,11
15,37,24,11
15,38,24,11
15,39,23,11
15,40,23,11
15,41,23,11
15,42,23,11
15,43,23,11
15,44,23,11
15,45,23,11
15,46,23,11
15,47,23,11
15,48,23,11
15,49,23,11
15,50,23,11
15,51,23,11
15,52,23,11
15,53,17,11
16,-23,96,3
16,-22,96,3
16,-21,96,3
16,-20,96,3
16,-19,96,3
16,-18,96,3
16,-17,94,17
16,-16,94,17
16,-15,94,17
16,-14,92,3
16,-13,93,3
16,-12,92,3
16,-11,92,3
16,-10,92,3
16,-9,91,3
16,-8,91,3
16,-7,91,3
16,-6,91,3
16,-5,91,3
16,-4,99,2
16,-3,99,2
16,-2,99,2
16,-1,99,2
16,0,100,13
16,1,100,13
16,2,100,13
16,3,100,13
16,4,100,13
16,5,98,12
16,6,98,12
16,7,98,12
16,8,98,12
16,9,98,12
16,10,98,12
16,11,98,12
16,12,98,12
16,13,98,12
16,14,98,12
16,15,98,12
16,16,21,12
16,17,21,12
16,18,21,12
16,19,21,12
16,20,21,12
16,21,21,12
16,22,25,11
16,23,20,11
16,24,20,11
16,25,20,11
16,26,20,11
16,27,20,11
16,28,24,11
16,29,24,11
16,30,24,11
16,31,24,11
16,32,24,11
16,33,24,11
16,34,24,11
16,35,24,11
16,36,24,11
16,37,24,11
16,38,24,11
16,39,23,11
16,40,23,11
16,41,23,11
16,42,23,11
16,43,23,11
16,44,23,11
16,45,23,11
16,46,23,11
16,47,23,11
16,48,23,11
16,49,23,11
16,50,23,11
16,51,23,11
16,52,17,11
16,53,17,11
16,54,17,11
16,55,17,11
17,-21,96,3
17,-20,96,3
17,-16,94,17
17,-15,94,17
17,-14,92,3
17,-13,92,3
17,-12,92,3
17,-11,92,3
17,-10,92,3
17,-9,92,3
17,-8,91,3
17,-7,91,3
17,-6,91,3
17,-5,99,2
17,-4,99,2
17,-3,99,2
17,-2,99,2
17,-1,99,2
17,0,99,2
17,1,99,2
17,2,99,2
17,3,99,2
17,4,99,2
17,5,99,2
17,6,98,12
17,7,98,12
17,8,98,12
17,9,98,12
17,10,98,12
17,11,98,12
17,12,98,12
17,13,98,12
17,14,98,12
17,15,98,12
17,16,21,12
17,17,21,12
17,18,21,12
17,19,21,12
17,20,21,12
17,21,21,12
17,22,20,11
17,23,20,11
17,24,20,11
17,25,20,11
17,26,20,11
17,27,20,11
17,28,20,11
17,29,20,11
17,30,19,11
17,31,19,11
17,32,24,11
17,33,24,11
17,34,24,11
17,35,24,11
17,36,24,11
17,37,24,11
17,38,23,11
17,39,23,11
17,40,23,11
17,41,23,11
17,42,23,11
17,43,23,11
17,44,18,11
17,45,18,11
17,46,18,11
17,47,18,11
17,48,18,11
17,49,18,11
17,50,18,11
17,51,18,11
17,52,17,11
17,53,17,11
17,54,17,11
17,55,17,11
17,56,17,11
18,-16,94,17
18,-15,94,17
18,-9,92,3
18,-8,91,3
18,-7,91,3
18,-6,91,3
18,-5,99,2
18,-4,90,2
18,-3,90,2
18,-2,90,2
18,-1,90,2
18,0,90,2
18,1,90,2
18,2,99,2
18,3,99,2
18,4,99,2
18,5,99,2
18,6,99,2
18,7,97,2
18,8,97,2
18,9,98,12
18,10,98,12
18,11,98,12
18,12,98,12
18,13,98,12
18,14,98,12
18,15,98,12
18,16,98,12
18,17,21,12
18,18,21,12
18,19,21,12
18,20,21,12
18,21,20,11
18,22,20,11
18,23,20,11
18,24,20,11
18,25,20,11
18,26,20,11
18,27,20,11
18,28,20,11
18,29,20,11
18,30,19,11
18,31,19,11
18,32,19,11
18,33,24,11
18,34,24,11
18,35,24,11
18,36,24,11
18,37,24,11
18,38,19,11
18,39,19,11
18,40,19,11
18,41,19,11
18,42,23,11
18,43,23,11
18,44,18,11
18,45,18,11
18,46,18,11
18,47,18,11
18,48,18,11
18,49,18,11
18,50,18,11
18,51,17,11
18,52,17,11
18,53,17,11
18,54,17,11
18,55,17,11
18,56,17,11
18,57,2,11
18,58,2,11
19,-7,91,3
19,-6,91,3
19,-5,90,2
19,-3,90,2
19,-2,90,2
19,-1,90,2
19,0,90,2
19,1,90,2
19,2,90,2
19,3,90,2
19,4,90,2
19,5,99,2
19,6,97,2
19,7,97,2
19,8,97,2
19,9,97,2
19,10,97,2
19,11,97,2
19,12,97,2
19,13,97,2
19,14,97,2
19,15,98,12
19,16,98,12
19,17,21,12
19,18,21,12
19,19,21,12
19,20,21,12
19,21,20,11
19,22,20,11
19,23,20,11
19,24,20,11
19,25,20,11
19,26,20,11
19,27,20,11
19,28,20,11
19,29,20,11
19,30,19,11
19,31,19,11
19,32,19,11
19,33,19,11
19,34,19,11
19,35,19,11
19,36,24,11
19,37,24,11
19,38,19,11
19,39,19,11
19,40,19,11
19,41,19,11
19,42,19,11
19,43,18,11
19,44,18,11
19,45,18,11
19,46,18,11
19,47,18,11
19,48,18,11
19,49,18,11
19,50,17,11
19,51,17,11
19,52,17,11
19,53,17,11
19,54,17,11
19,55,17,11
19,56,2,11
19,57,2,11
19,58,2,11
19,59,2,11
20,-7,91,3
20,-6,99,2
20,-5,90,2
20,-2,90,2
20,0,90,2
20,1,90,2
20,2,90,2
20,3,90,2
20,4,90,2
20,5,90,2
20,6,97,2
20,7,97,2
20,8,97,2
20,9,97,2
20,10,97,2
20,11,97,2
20,12,97,2
20,13,97,2
20,14,97,2
20,15,97,2
20,16,97,2
20,17,97,2
20,18,97,2
20,19,97,2
20,20,97,2
20,21,20,11
20,22,20,11
20,23,20,11
20,24,20,11
20,25,20,11
20,26,20,11
20,27,20,11
20,28,20,11
20,29,20,11
20,30,19,11
20,31,19,11
20,32,19,11
20,33,19,11
20,34,19,11
20,35,19,11
20,36,19,11
20,37,19,11
20,38,19,11
20,39,19,11
20,40,19,11
20,41,19,11
20,42,19,11
20,43,18,11
20,44,18,11
20,45,18,11
20,46,18,11
20,47,18,11
20,48,18,11
20,49,17,11
20,50,17,11
20,51,17,11
20,52,17,11
20,53,17,11
20,54,17,11
20,55,17,11
20,56,2,11
20,57,2,11
20,58,2,11
20,59,2,11
20,60,2,11
20,61,2,11
20,62,2,11
20,74,3,11
20,75,3,11
20,76,3,11
20,77,3,11
21,-1,90,2
21,1,90,2
21,2,90,2
21,3,90,2
21,4,90,2
21,5,90,2
21,6,88,2
21,7,88,2
21,8,97,2
21,9,97,2
21,10,88,2
21,11,97,2
21,12,97,2
21,13,97,2
21,14,97,2
21,15,97,2
21,16,97,2
21,17,97,2
21,18,97,2
21,19,97,2
21,20,97,2
21,21,16,1
21,22,16,1
21,23,16,1
21,24,16,1
21,25,16,1
21,26,16,1
21,27,20,11
21,28,20,11
21,29,19,11
21,30,19,11
21,31,19,11
21,32,19,11
21,33,19,11
21,34,19,11
21,35,19,11
21,36,19,11
21,37,19,11
21,38,19,11
21,39,19,11
21,40,19,11
21,41,19,11
21,42,19,11
21,43,18,11
21,44,18,11
21,45,18,11
21,46,18,11
21,47,18,11
21,48,18,11
21,49,17,11
21,50,17,11
21,51,17,11
21,52,17,11
21,53,17,11
21,54,17,11
21,55,17,11
21,56,2,11
21,57,2,11
21,58,2,11
21,59,2,11
21,60,2,11
21,61,2,11
21,62,2,11
21,63,2,11
21,64,2,11
21,65,2,11
21,74,3,11
21,75,3,11
22,0,90,2
22,2,90,2
22,3,90,2
22,4,90,2
22,5,90,2
22,6,90,2
22,7,88,2
22,8,88,2
22,9,88,2
22,10,88,2
22,11,88,2
22,12,97,2
22,13,97,2
22,14,97,2
22,15,97,2
22,16,97,2
22,17,97,2
22,18,97,2
22,19,97,2
22,20,97,2
22,21,16,1
22,22,16,1
22,23,16,1
22,24,16,1
22,25,16,1
22,26,16,1
22,27,16,1
22,28,16,1
22,29,15,1
22,30,15,1
22,31,15,1
22,32,15,1
22,33,19,11
22,34,19,11
22,35,19,11
22,36,19,11
22,37,19,11
22,38,19,11
22,39,19,11
22,40,19,11
22,41,19,11
22,42,19,11
22,43,18,11
22,44,18,11
22,45,18,11
22,46,18,11
22,47,18,11
22,48,18,11
22,49,17,11
22,50,17,11
22,51,17,11
22,52,17,11
22,53,17,11
22,54,17,11
22,55,17,11
22,56,2,11
22,57,2,11
22,58,2,11
22,59,2,11
22,60,2,11
22,61,2,11
22,62,2,11
22,63,2,11
22,64,2,11
22,65,2,11
22,66,2,11
22,67,2,11
22,73,3,11
22,74,3,11
22,75,3,11
22,76,3,11
22,77,3,11
22,78,3,11
22,79,3,11
22,80,3,11
23,2,90,2
23,3,90,2
23,4,90,2
23,5,90,2
23,6,88,2
23,7,88,2
23,8,88,2
23,9,88,2
23,10,88,2
23,11,88,2
23,12,88,2
23,13,88,2
23,14,97,2
23,15,97,2
23,16,97,2
23,17,97,2
23,18,97,2
23,19,97,2
23,20,16,1
23,21,16,1
23,22,16,1
23,23,16,1
23,24,16,1
23,25,16,1
23,26,16,1
23,27,16,1
23,28,16,1
23,29,15,1
23,30,15,1
23,31,15,1
23,32,15,1
23,33,15,1
23,34,13,1
23,35,13,1
23,36,13,1
23,37,13,1
23,38,13,1
23,39,19,11
23,40,19,11
23,41,19,11
23,42,19,11
23,43,18,11
23,44,18,11
23,45,18,11
23,46,18,11
23,47,18,11
23,48,18,11
23,49,17,11
23,50,17,11
23,51,17,11
23,52,17,11
23,53,17,11
23,54,17,11
23,55,17,11
23,56,2,11
23,57,2,11
23,58,2,11
23,59,2,11
23,60,2,11
23,61,2,11
23,62,2,11
23,63,2,11
23,64,2,11
23,65,2,11
23,66,2,11
23,67,2,11
23,73,3,11
23,74,3,11
23,75,3,11
23,76,3,11
23,77,3,11
23,78,3,11
23,79,3,11
24,4,90,2
24,5,88,2
24,7,88,2
24,8,88,2
24,9,88,2
24,10,88,2
24,11,88,2
24,12,88,2
24,13,88,2
24,14,88,2
24,15,88,2
24,16,97,2
24,17,97,2
24,18,97,2
24,19,97,2
24,20,16,1
24,21,16,1
24,22,16,1
24,23,16,1
24,24,16,1
24,25,16,1
24,26,16,1
24,27,16,1
24,28,16,1
24,29,15,1
24,30,15,1
24,31,15,1
24,32,15,1
24,33,15,1
24,34,13,1
24,35,13,1
24,36,13,1
24,37,13,1
24,38,13,1
24,39,13,1
24,40,13,1
24,41,13,1
24,42,12,1
24,43,12,1
24,44,12,1
24,45,18,11
24,46,18,11
24,47,18,11
24,48,17,11
24,49,17,11
24,50,17,11
24,51,17,11
24,52,17,11
24,53,17,11
24,54,17,11
24,55,17,11
24,56,2,11
24,57,2,11
24,58,2,11
24,59,2,11
24,60,2,11
24,61,2,11
24,62,2,11
24,63,2,11
24,64,2,11
24,65,2,11
24,66,2,11
24,67,2,11
24,68,2,11
24,69,2,11
24,73,3,11
24,74,3,11
24,75,3,11
24,76,3,11
24,77,3,11
24,78,3,11
24,79,3,11
25,10,88,2
25,11,88,2
25,12,88,2
25,13,88,2
25,14,88,2
25,15,88,2
25,16,88,2
25,17,97,2
25,18,97,2
25,19,97,2
25,20,14,1
25,21,16,1
25,22,16,1
25,23,16,1
25,24,16,1
25,25,16,1
25,26,16,1
25,27,16,1
25,28,15,1
25,29,15,1
25,30,15,1
25,31,15,1
25,32,15,1
25,33,15,1
25,34,13,1
25,35,13,1
25,36,13,1
25,37,13,1
25,38,13,1
25,39,13,1
25,40,13,1
25,41,13,1
25,42,12,1
25,43,12,1
25,44,12,1
25,45,12,1
25,46,12,1
25,47,12,1
25,48,10,1
25,49,10,1
25,50,10,1
25,51,17,11
25,52,17,11
25,53,17,11
25,54,17,11
25,55,2,11
25,56,2,11
25,57,2,11
25,58,2,11
25,59,2,11
25,60,2,11
25,61,2,11
25,62,2,11
25,63,2,11
25,64,2,11
25,65,2,11
25,66,2,11
25,67,2,11
25,68,2,11
25,69,2,11
25,72,3,11
25,73,3,11
25,74,3,11
25,75,3,11
25,76,3,11
25,77,3,11
25,78,3,11
25,79,3,11
26,12,88,2
26,13,88,2
26,14,88,2
26,15,88,2
26,16,88,2
26,17,88,2
26,18,97,2
26,19,14,1
26,20,14,1
26,21,16,1
26,22,16,1
26,23,16,1
26,24,16,1
26,25,16,1
26,26,16,1
26,27,16,1
26,28,15,1
26,29,15,1
26,30,15,1
26,31,15,1
26,32,15,1
26,33,13,1
26,34,13,1
26,35,13,1
26,36,13,1
26,37,13,1
26,38,13,1
26,39,13,1
26,40,13,1
26,41,13,1
26,42,12,1
26,43,12,1
26,44,12,1
26,45,12,1
26,46,12,1
26,47,12,1
26,48,10,1
26,49,10,1
26,50,10,1
26,51,9,1
26,52,9,1
26,53,9,1
26,54,9,1
26,55,9,1
26,56,1,1
26,57,2,11
26,58,2,11
26,59,2,11
26,60,2,11
26,61,2,11
26,62,2,11
26,63,2,11
26,64,2,11
26,65,2,11
26,66,2,11
26,67,2,11
26,68,2,11
26,72,3,11
26,73,3,11
26,74,3,11
26,75,3,11
26,76,3,11
26,77,3,11
26,78,3,11
26,79,3,11
26,80,3,11
27,13,88,2
27,14,88,2
27,15,88,2
27,16,88,2
27,17,88,2
27,18,97,2
27,19,14,1
27,20,14,1
27,21,14,1
27,22,16,1
27,23,16,1
27,24,16,1
27,25,16,1
27,26,16,1
27,27,16,1
27,28,15,1
27,29,15,1
27,30,15,1
27,31,15,1
27,32,15,1
27,33,13,1
27,34,13,1
27,35,13,1
27,36,13,1
27,37,13,1
27,38,13,1
27,39,13,1
27,40,13,1
27,41,12,1
27,42,12,1
27,43,12,1
27,44,12,1
27,45,12,1
27,46,12,1
27,47,12,1
27,48,10,1
27,49,10,1
27,50,10,1
27,51,10,1
27,52,9,1
27,53,9,1
27,54,9,1
27,55,9,1
27,56,1,1
27,57,1,1
27,58,1,1
27,59,1,1
27,60,1,1
27,61,1,1
27,62,1,1
27,63,2,11
27,64,2,11
27,65,2,11
27,66,2,11
27,67,2,11
27,68,2,11
27,69,2,11
27,70,2,11
27,71,2,11
27,72,2,11
27,73,3,11
27,74,3,11
27,75,3,11
27,76,3,11
27,77,3,11
27,78,3,11
27,79,3,11
28,13,88,2
28,14,88,2
28,16,88,2
28,17,88,2
28,18,14,1
28,19,14,1
28,20,14,1
28,21,14,1
28,22,14,1
28,23,16,1
28,24,16,1
28,25,16,1
28,26,16,1
28,27,16,1
28,28,15,1
28,29,15,1
28,30,15,1
28,31,15,1
28,32,15,1
28,33,13,1
28,34,13,1
28,35,13,1
28,36,13,1
28,37,13,1
28,38,13,1
28,39,13,1
28,40,13,1
28,41,12,1
28,42,12,1
28,43,12,1
28,44,12,1
28,45,12,1
28,46,12,1
28,47,10,1
28,48,10,1
28,49,10,1
28,50,9,1
28,51,9,1
28,52,9,1
28,53,9,1
28,54,9,1
28,55,9,1
28,56,1,1
28,57,1,1
28,58,1,1
28,59,1,1
28,60,1,1
28,61,1,1
28,62,1,1
28,63,1,1
28,64,1,1
28,65,1,1
28,66,1,1
28,67,1,1
28,68,1,1
28,69,3,11
28,70,3,11
28,71,3,11
28,72,3,11
28,73,3,11
28,74,3,11
28,75,3,11
28,76,3,11
28,77,3,11
28,78,3,11
28,79,3,11
29,17,88,2
29,18,14,1
29,19,14,1
29,20,14,1
29,21,14,1
29,22,14,1
29,23,16,1
29,24,16,1
29,25,16,1
29,26,16,1
29,27,16,1
29,28,15,1
29,29,15,1
29,30,15,1
29,31,15,1
29,32,13,1
29,33,13,1
29,34,13,1
29,35,13,1
29,36,13,1
29,37,13,1
29,38,13,1
29,39,13,1
29,40,12,1
29,41,12,1
29,42,12,1
29,43,12,1
29,44,12,1
29,45,12,1
29,46,12,1
29,47,10,1
29,48,10,1
29,49,10,1
29,50,9,1
29,51,9,1
29,52,9,1
29,53,9,1
29,54,9,1
29,55,9,1
29,56,1,1
29,57,1,1
29,58,1,1
29,59,1,1
29,60,1,1
29,61,1,1
29,62,1,1
29,63,1,1
29,64,1,1
29,65,1,1
29,66,1,1
29,67,1,1
29,68,1,1
29,69,1,1
29,70,1,1
29,71,1,1
29,72,1,1
29,73,1,1
29,74,1,1
29,75,3,11
29,76,3,11
29,77,3,11
29,78,3,11
30,18,14,1
30,19,14,1
30,20,14,1
30,21,14,1
30,22,14,1
30,23,14,1
30,24,14,1
30,25,16,1
30,26,16,1
30,27,16,1
30,28,15,1
30,29,15,1
30,30,15,1
30,31,15,1
30,32,13,1
30,33,13,1
30,34,13,1
30,35,13,1
30,36,13,1
30,37,13,1
30,38,13,1
30,39,13,1
30,40,12,1
30,41,12,1
30,42,12,1
30,43,12,1
30,44,12,1
30,45,12,1
30,46,12,1
30,47,10,1
30,48,10,1
30,49,10,1
30,50,9,1
30,51,9,1
30,52,9,1
30,53,9,1
30,54,9,1
30,55,9,1
30,56,1,1
30,57,1,1
30,58,1,1
30,59,1,1
30,60,1,1
30,61,1,1
30,62,1,1
30,63,1,1
30,64,1,1
30,65,1,1
30,66,1,1
30,69,1,1
30,70,1,1
30,71,1,1
30,72,1,1
30,73,1,1
30,74,1,1
30,75,1,1
30,76,1,1
31,18,14,1
31,19,14,1
31,20,14,1
31,21,14,1
31,22,14,1
31,23,14,1
31,24,14,1
31,25,14,1
31,26,14,1
31,27,14,1
31,28,14,1
31,29,14,1
31,30,14,1
31,31,14,1
31,32,13,1
31,33,13,1
31,34,13,1
31,35,13,1
31,36,13,1
31,37,13,1
31,38,13,1
31,39,11,1
31,40,11,1
31,41,11,1
31,42,11,1
31,43,11,1
31,44,11,1
31,45,10,1
31,46,10,1
31,47,10,1
31,48,10,1
31,49,10,1
31,50,9,1
31,51,9,1
31,52,9,1
31,53,9,1
31,54,9,1
31,55,9,1
31,56,1,1
31,57,1,1
31,58,1,1
31,59,1,1
31,60,1,1
31,61,1,1
31,62,1,1
31,63,1,1
31,64,1,1
31,65,1,1
31,66,1,1
31,72,1,1
31,73,1,1
31,74,1,1
31,75,1,1
31,76,1,1
31,77,1,1
31,78,1,1
32,19,14,1
32,20,14,1
32,21,14,1
32,22,14,1
32,23,14,1
32,24,14,1
32,25,14,1
32,26,14,1
32,27,14,1
32,28,14,1
32,29,14,1
32,30,14,1
32,31,13,1
32,32,13,1
32,33,13,1
32,34,13,1
32,35,13,1
32,36,13,1
32,37,13,1
32,38,13,1
32,39,11,1
32,40,11,1
32,41,11,1
32,42,11,1
32,43,11,1
32,44,10,1
32,45,10,1
32,46,10,1
32,47,10,1
32,48,10,1
32,49,10,1
32,50,9,1
32,51,9,1
32,52,9,1
32,53,9,1
32,54,9,1
32,55,9,1
32,56,1,1
32,57,1,1
32,58,1,1
32,59,1,1
32,60,1,1
32,61,1,1
32,62,1,1
32,63,1,1
32,64,1,1
32,72,1,1
32,73,1,1
32,77,1,1
33,13,89,2
33,18,14,1
33,19,14,1
33,20,14,1
33,21,14,1
33,22,14,1
33,23,14,1
33,24,14,1
33,25,14,1
33,26,14,1
33,27,14,1
33,28,14,1
33,29,14,1
33,30,14,1
33,31,13,1
33,32,13,1
33,33,13,1
33,34,13,1
33,35,13,1
33,36,13,1
33,37,13,1
33,38,11,1
33,39,11,1
33,40,11,1
33,41,11,1
33,42,11,1
33,43,11,1
33,44,10,1
33,45,10,1
33,46,10,1
33,47,10,1
33,48,10,1
33,49,10,1
33,50,9,1
33,51,9,1
33,52,9,1
33,53,9,1
33,54,9,1
33,55,9,1
33,58,1,1
33,59,1,1
33,72,1,1
33,73,1,1
34,12,89,2
34,13,89,2
34,14,89,2
34,22,14,1
34,23,14,1
34,28,14,1
34,29,14,1
34,31,13,1
34,32,13,1
34,33,13,1
34,34,13,1
34,35,13,1
34,36,13,1
34,37,13,1
34,38,13,1
34,39,11,1
34,40,11,1
34,41,11,1
34,42,11,1
34,43,11,1
34,44,10,1
34,45,10,1
34,46,10,1
34,47,10,1
34,48,10,1
34,49,10,1
34,50,9,1
34,51,9,1
34,52,9,1
34,53,9,1
34,54,9,1
34,55,9,1
34,72,1,1
34,73,1,1
35,11,89,2
35,12,89,2
35,13,89,2
35,14,89,2
35,28,14,1
35,33,13,1
35,36,13,1
35,37,13,1
35,38,13,1
35,39,11,1
35,40,11,1
35,41,11,1
35,42,11,1
35,43,11,1
35,44,11,1
35,45,11,1
35,46,10,1
35,47,10,1
35,48,10,1
35,49,10,1
35,50,10,1
35,51,9,1
36,12,89,2
36,13,89,2
36,14,89,2
36,36,13,1
36,40,11,1
36,41,11,1
36,42,11,1
36,43,11,1
36,44,11,1
36,45,11,1
36,46,10,1
36,48,10,1
36,49,10,1
37,11,89,2
37,12,89,2
37,13,89,2
37,39,11,1
37,40,11,1
37,41,11,1
37,44,11,1
38,11,89,2
38,12,89,2
38,39,11,1
38,40,11,1
39,11,89,2
39,12,89,2
39,39,11,1
40,11,89,2
